Workbook

Sheet Dulieu
A1: NHCSXH CHI NHÁNH TỈNH ĐỒNG NAI
A2: PGD Định Quán
A3: CÂN ĐỐI NGUỒN VỐN VÀ SỬ DỤNG VỐN NĂM 2026
A4: (Thực hiện đến 21/04/2026)
N5: Đơn vị: triệu đồng, %
A6: TT | B6: Chỉ tiêu | C6: Mã chỉ tiêu | D6: Trong đó
D7: HST | E7: Long Thành | F7: Trảng Bom | G7: Long Khánh | H7: Xuân Lộc | I7: Định Quán | J7: Vĩnh Cửu | K7: Tân Phú | L7: Thống Nhất | M7: Cẩm Mỹ | N7: Nhơn Trạch | O7: Bình Long | P7: Lộc Ninh | Q7: Bình Phước | R7: Phước Long | S7: Bù Đăng | T7: Đồng Phú | U7: Chơn Thành | V7: Bù Đốp | W7: Bù Gia Mập | X7: Phú Riềng | Y7: Hớn Quản
A8: A | B8: NGUỒN VỐN (I+II+III) | C8: =+C26+C83 -> #VALUE! | D8: =+D26+D83 -> 726161.15 | E8: =+E26+E83 -> 578007.1 | F8: =+F26+F83 -> 622980.35 | G8: =+G26+G83 -> 754002.38 | H8: =+H26+H83 -> 735337.13 | I8: =+I26+I83 -> 606133.69 | J8: =+J26+J83 -> 644805.77 | ... Y8: =+Y26+Y83 -> 518540.26
A9: I | B9: Vốn Trung ương | C9: =+C8-C20 -> #VALUE! | D9: =+D8-D20 -> 704397.15 | E9: =+E8-E20 -> 548989.1 | F9: =+F8-F20 -> 582642.35 | G9: =+G8-G20 -> 719695.38 | H9: =+H8-H20 -> 688594.13 | I9: =+I8-I20 -> 557898.69 | J9: =+J8-J20 -> 570792.77 | ... Y9: =+Y8-Y20 -> 518440.26
A10: 1 | B10: Vốn trung ương cấp | C10: =+C9-C12 -> #VALUE! | D10: =+D9-D12 -> 489563.77 | E10: =+E9-E12 -> 469546.77 | F10: =+F9-F12 -> 487046.92 | G10: =+G9-G12 -> 645936.26 | H10: =+H9-H12 -> 612890.85 | I10: =+I9-I12 -> 499502.71 | J10: =+J9-J12 -> 495184.62 | ... Y10: =+Y9-Y12 -> 474983.88
B11: Tỷ trọng trên tổng nguồn | C11: =+C10/C8 -> #VALUE! | D11: =+D10/D8 -> 0.67418061 | E11: =+E10/E8 -> 0.81235468 | F11: =+F10/F8 -> 0.78180142 | G11: =+G10/G8 -> 0.85667669 | H11: =+H10/H8 -> 0.8334828 | I11: =+I10/I8 -> 0.8240801 | J11: =+J10/J8 -> 0.76795935 | ... Y11: =+Y10/Y8 -> 0.91600193
A12: 2 | B12: Vốn huy động được TW cấp bù | C12: VHD | D12: 214833.38 | E12: 79442.33 | F12: 95595.43 | G12: 73759.12 | H12: 75703.28 | I12: 58395.98 | J12: 75608.15 | K12: 73222.68 | L12: 81547.16 | M12: 60050.21 | N12: 112052.83 | O12: 51268.49 | P12: 66425.94 | Q12: 196849.06 | R12: 46941.34 | S12: 50974.34 | T12: 69384.76 | U12: 52446.01 | V12: 36410.13 | W12: 71189.83 | X12: 55605.52 | Y12: 43456.38
B13: Tỷ trọng trên tổng nguồn | C13: =+C12/C8 -> #VALUE! | D13: =+D12/D8 -> 0.29584808 | E13: =+E12/E8 -> 0.13744179 | F13: =+F12/F8 -> 0.15344855 | G13: =+G12/G8 -> 0.097823458 | H13: =+H12/H8 -> 0.10295044 | I13: =+I12/I8 -> 0.096341749 | J13: =+J12/J8 -> 0.11725725 | ... Y13: =+Y12/Y8 -> 0.083805219
A14: 2.1. | B14: Tiền gửi tổ chức, cá nhân | C14: VHD_TG | D14: 119126.17 | E14: 4343.33 | F14: 4746.26 | G14: 3310.49 | H14: 1933.31 | I14: 4028.12 | J14: 10604.04 | K14: 1187.43 | L14: 7024.9 | M14: 1848.45 | N14: 1238.74 | O14: 793.04 | P14: 2897.85 | Q14: 166922.1 | R14: 3978.34 | S14: 4200.39 | T14: 1930.45 | U14: 2769.96 | V14: 2156.07 | W14: 6276.84 | X14: 4631.32 | Y14: 1815.02
B15: Tr.đó: Tiền gửi ký quỹ đi LĐ HQ | C15: VHD_KQHQ | D15: 9842.7 | E15: 3267.76 | F15: 1571.58 | G15: 525.64 | H15: 1060.92 | I15: 2072.11 | J15: 210.26 | K15: 204.7 | L15: 204.7 | M15: 936.43 | N15: 0 | O15: 0 | P15: 1330.48 | Q15: 2851.04 | R15: 223.12 | S15: 209.4 | T15: 338.43 | U15: 319.66 | V15: 450.9 | W15: 111.31 | X15: 1042.6 | Y15: 680.46
B16: Tiền gửi vay NOXH | C16: VHD_NOXH | D16: 0 | E16: 0 | F16: 0 | G16: 0 | H16: 0 | I16: 0 | J16: 0 | K16: 0 | L16: 0 | M16: 0 | N16: 0 | O16: 0 | P16: 0 | Q16: 0 | R16: 0 | S16: 0 | T16: 0 | U16: 0 | V16: 0 | W16: 0 | X16: 0 | Y16: 0
A17: 2.2. | B17: Huy động tiết kiệm dân cư | C17: VHD_TKDC | D17: 9625.53 | E17: 15627.91 | F17: 11368.76 | G17: 12217.6 | H17: 12528.62 | I17: 20355.06 | J17: 8562.88 | K17: 14963.81 | L17: 25391.11 | M17: 8368.52 | N17: 23941.5 | O17: 10573.39 | P17: 15951.05 | Q17: 12444.25 | R17: 9430.57 | S17: 3072.34 | T17: 15049.6 | U17: 20634.21 | V17: 8663.66 | W17: 17412.33 | X17: 7361.06 | Y17: 7871.54
A18: 2.3. | B18: Huy động tiết kiệm tại ĐGDX | C18: VHD_TKXA | D18: 4329.92 | E18: 1109.91 | F18: 5785.76 | G18: 3668.97 | H18: 6580.87 | I18: 10155.48 | J18: 8003.63 | K18: 2295.47 | L18: 5543.52 | M18: 5549.98 | N18: 2631.31 | O18: 582.85 | P18: 2040.88 | Q18: 0 | R18: 2287.09 | S18: 2496.15 | T18: 1540.69 | U18: 456.47 | V18: 971.76 | W18: 3824.25 | X18: 1073.42 | Y18: 3142.41
A19: 2.4. | B19: Tiền gửi Tổ viên Tổ TKVV | C19: VHD_TKTO | D19: 81189.51 | E19: 58361.18 | F19: 71387.35 | G19: 54342.05 | H19: 54398.48 | I19: 23574.69 | J19: 48324.9 | K19: 54365.95 | L19: 43567.59 | M19: 44061.46 | N19: 84216.28 | O19: 38887.93 | P19: 42736.16 | Q19: 17428.71 | R19: 30969.04 | S19: 39972.46 | T19: 50557.58 | U19: 27730.37 | V19: 23348.64 | W19: 42943.39 | X19: 41932.12 | Y19: 30250.51
A20: II | B20: Vốn nhận UT địa phương | C20: =+C22+C23 -> #VALUE! | D20: =+D22+D23 -> 21764 | E20: =+E22+E23 -> 29018 | F20: =+F22+F23 -> 40338 | G20: =+G22+G23 -> 34307 | H20: =+H22+H23 -> 46743 | I20: =+I22+I23 -> 48235 | J20: =+J22+J23 -> 74013 | ... Y20: =+Y22+Y23 -> 100
B21: Tỷ trọng trên tổng nguồn | C21: =+C20/C8 -> #VALUE! | D21: =+D20/D8 -> 0.029971309 | E21: =+E20/E8 -> 0.050203536 | F21: =+F20/F8 -> 0.064750036 | G21: =+G20/G8 -> 0.045499856 | H21: =+H20/H8 -> 0.063566762 | I21: =+I20/I8 -> 0.079578154 | J21: =+J20/J8 -> 0.1147834 | ... Y21: =+Y20/Y8 -> 0.00019284906
A22: 1 | B22: Vốn ngân sách tỉnh | C22: VONDP_T | D22: 21764 | E22: 29018 | F22: 40338 | G22: 34307 | H22: 46743 | I22: 48235 | J22: 74013 | K22: 69367 | L22: 34142 | M22: 45717 | N22: 31910 | O22: 100 | P22: 100 | Q22: 100 | R22: 100 | S22: 100 | T22: 100 | U22: 100 | V22: 100 | W22: 100 | X22: 100 | Y22: 100
A23: 2 | B23: Vốn ngân sách huyện | C23: VONDP_H | D23: 0 | E23: 0 | F23: 0 | G23: 0 | H23: 0 | I23: 0 | J23: 0 | K23: 0 | L23: 0 | M23: 0 | N23: 0 | O23: 0 | P23: 0 | Q23: 0 | R23: 0 | S23: 0 | T23: 0 | U23: 0 | V23: 0 | W23: 0 | X23: 0 | Y23: 0
A24: III | B24: Nguồn vốn khác | C24: 0 | D24: 0 | E24: 0 | F24: 0 | G24: 0 | H24: 0 | I24: 0 | J24: 0 | K24: 0 | L24: 0 | M24: 0 | N24: 0 | O24: 0 | P24: 0 | Q24: 0 | R24: 0 | S24: 0 | T24: 0 | U24: 0 | V24: 0 | W24: 0 | X24: 0 | Y24: 0
A25: B | B25: SỬ DỤNG VỐN (B1+B2+B3) | C25: =+C26+C82+C83 -> #VALUE! | D25: =+D26+D82+D83 -> 726161.15 | E25: =+E26+E82+E83 -> 578007.1 | F25: =+F26+F82+F83 -> 622980.35 | G25: =+G26+G82+G83 -> 754002.38 | H25: =+H26+H82+H83 -> 735337.13 | I25: =+I26+I82+I83 -> 606133.69 | J25: =+J26+J82+J83 -> 644805.77 | ... Y25: =+Y26+Y82+Y83 -> 518540.26
A26: B1 | B26: TỔNG DƯ NỢ | C26: =+C29+C36 -> #VALUE! | D26: =+D29+D36 -> 715749.14 | E26: =+E29+E36 -> 576460.72 | F26: =+F29+F36 -> 621751.54 | G26: =+G29+G36 -> 752281.88 | H26: =+H29+H36 -> 734066.37 | I26: =+I29+I36 -> 603073.41 | J26: =+J29+J36 -> 643090.33 | ... Y26: =+Y29+Y36 -> 517002.54
B27: So với đầu tháng | C27: =+C30+C37 -> #VALUE! | D27: =+D30+D37 -> 57.21 | E27: =+E30+E37 -> 1646.56 | F27: =+F30+F37 -> 4889.26 | G27: =+G30+G37 -> -5419.88 | H27: =+H30+H37 -> 1348.7 | I27: =+I30+I37 -> 8447.96 | J27: =+J30+J37 -> 1714.26 | ... Y27: =+Y30+Y37 -> 4562.29
B28: So với đầu năm | C28: =+C31+C38 -> #VALUE! | D28: =+D31+D38 -> 38548.19 | E28: =+E31+E38 -> 35476.01 | F28: =+F31+F38 -> 32088.19 | G28: =+G31+G38 -> 24212.46 | H28: =+H31+H38 -> 38815.98 | I28: =+I31+I38 -> 43119.04 | J28: =+J31+J38 -> 26710.07 | ... Y28: =+Y31+Y38 -> 53787.72
A29: I | B29: Dư nợ nguồn vốn TW | C29: DN_NV1 | D29: 380975.04 | E29: 439803.9 | F29: 440246.06 | G29: 469532.59 | H29: 571787.78 | I29: 480224.54 | J29: 454489.65 | K29: 523173.61 | L29: 454838.58 | M29: 433673.4 | N29: 424246.99 | O29: 291539.18 | P29: 728984.73 | Q29: 300461.91 | R29: 313108.62 | S29: 748672.87 | T29: 471788.44 | U29: 375105.04 | V29: 556496.45 | W29: 631755.41 | X29: 609971.04 | Y29: 476093.12
B30: So với đầu tháng | C30: DN_NV1_PRE_M | D30: -5610.95 | E30: 2493.33 | F30: 4001.63 | G30: -5044.73 | H30: 828.44 | I30: 8059.07 | J30: 3299.86 | K30: -977.93 | L30: 4044.47 | M30: 3742.16 | N30: 977.98 | O30: 7878.38 | P30: 14097.71 | Q30: 2821.4 | R30: 6827.33 | S30: 14056.77 | T30: 9185.81 | U30: 4570.2 | V30: 22283.83 | W30: 14438.13 | X30: 1262.78 | Y30: 4643.29
B31: So với đầu năm | C31: DN_NV1_PRE_M | D31: 18025.58 | E31: 30271.64 | F31: 24585.32 | G31: 11753.4 | H31: 32776.77 | I31: 30000.58 | J31: 24064.48 | K31: 24503.4 | L31: 28980.2 | M31: 24383.45 | N31: 27167.07 | O31: 29157.38 | P31: 65183.27 | Q31: 21757.56 | R31: 28344.44 | S31: 67302.48 | T31: 46855.13 | U31: 29891.63 | V31: 59818.17 | W31: 62734.74 | X31: 54974.62 | Y31: 38743.09
B32: Trong đó: Nợ quá hạn | C32: DN_NV1_QH | D32: 1255.26 | E32: 1609.07 | F32: 603.94 | G32: 678.22 | H32: 1101.75 | I32: 612.17 | J32: 209.18 | K32: 702.92 | L32: 277.14 | M32: 689.5 | N32: 742.65 | O32: 12 | P32: 284.75 | Q32: 513.69 | R32: 130.16 | S32: 568.45 | T32: 272.84 | U32: 0 | V32: 611.6 | W32: 199.12 | X32: 239.55 | Y32: 239.64
B33: So với đầu tháng | C33: DN_NV1_PRE_M | D33: -33.47 | E33: 24.26 | F33: 105.13 | G33: 87.75 | H33: 72.95 | I33: 52.5 | J33: 6.5 | K33: -12.5 | L33: 99.75 | M33: 5.78 | N33: 3.8 | O33: 0 | P33: 56.05 | Q33: 114 | R33: 66.76 | S33: 22.67 | T33: -1.4 | U33: 0 | V33: 25.5 | W33: -3.4 | X33: 61.16 | Y33: 0
B34: So với đầu năm | C34: DN_NV1_PRE_M | D34: 8.99 | E34: 206.48 | F34: 69.74 | G34: 6.02 | H34: 1.76 | I34: -166.4 | J34: 24.37 | K34: -174.08 | L34: 79.09 | M34: -5.01 | N34: 54.2 | O34: 0 | P34: -24.86 | Q34: 5.75 | R34: 66.76 | S34: 24.08 | T34: -21.4 | U34: 0 | V34: -40 | W34: -49.66 | X34: 61.12 | Y34: -0.4
B35: Tỷ lệ NQH | C35: =+C32/C29 -> #VALUE! | D35: =+D32/D29 -> 0.0032948615 | E35: =+E32/E29 -> 0.0036586078 | F35: =+F32/F29 -> 0.0013718237 | G35: =+G32/G29 -> 0.0014444578 | H35: =+H32/H29 -> 0.0019268513 | I35: =+I32/I29 -> 0.0012747578 | J35: =+J32/J29 -> 0.00046025251 | ... Y35: =+Y32/Y29 -> 0.00050334691
A36: II | B36: Dư nợ nguồn vốn Địa phương | C36: DN_NV2 | D36: 334774.1 | E36: 136656.82 | F36: 181505.48 | G36: 282749.29 | H36: 162278.59 | I36: 122848.87 | J36: 188600.68 | K36: 190988.71 | L36: 142187.01 | M36: 128921.18 | N36: 143941.41 | O36: 71603 | P36: 38333.2 | Q36: 84727.15 | R36: 64550.39 | S36: 39138.81 | T36: 60849.15 | U36: 52819.6 | V36: 31490.49 | W36: 35604.63 | X36: 44628.7 | Y36: 40909.42
B37: So với đầu tháng | C37: DN_NV1_PRE_M | D37: 5668.16 | E37: -846.77 | F37: 887.63 | G37: -375.15 | H37: 520.26 | I37: 388.89 | J37: -1585.6 | K37: 555.71 | L37: 315.17 | M37: 85.95 | N37: 310.48 | O37: 1000 | P37: 6.1 | Q37: -3.25 | R37: 77 | S37: 734 | T37: 1569.19 | U37: -481.5 | V37: -268.21 | W37: 723.8 | X37: 122.25 | Y37: -81
B38: So với đầu năm | C38: DN_NV1_PRE_M | D38: 20522.61 | E38: 5204.37 | F38: 7502.87 | G38: 12459.06 | H38: 6039.21 | I38: 13118.46 | J38: 2645.59 | K38: 14915.21 | L38: 6440.96 | M38: 9212.73 | N38: 2867.96 | O38: 25410 | P38: 11220.1 | Q38: 15205.77 | R38: 16139.42 | S38: 17128.71 | T38: 25591.79 | U38: 15214.4 | V38: 6486.79 | W38: 12088.11 | X38: 14255.73 | Y38: 15044.63
B39: Trong đó: Nợ quá hạn | C39: DN_NV2_QH | D39: 529.11 | E39: 206.61 | F39: 245.34 | G39: 397.93 | H39: 223.06 | I39: 254.21 | J39: 114.69 | K39: 300.18 | L39: 51.06 | M39: 189.96 | N39: 92.43 | O39: 0 | P39: 4.8 | Q39: 59.2 | R39: 48.29 | S39: 23 | T39: 73.5 | U39: 0 | V39: 35 | W39: 0 | X39: 1.25 | Y39: 0
B40: So với đầu tháng | C40: DN_NV1_PRE_M | D40: 73.12 | E40: -11 | F40: 0 | G40: 75.14 | H40: -0.63 | I40: 0 | J40: 0 | K40: -14.5 | L40: -14 | M40: 0 | N40: -0.94 | O40: 0 | P40: -7.4 | Q40: -2.3 | R40: 0 | S40: 0 | T40: 0 | U40: 0 | V40: 0 | W40: 0 | X40: 1.25 | Y40: 0
B41: So với đầu năm | C41: DN_NV1_PRE_M | D41: 113.35 | E41: 68.21 | F41: 50 | G41: 280.38 | H41: 38.46 | I41: 51.18 | J41: 40 | K41: 35.28 | L41: -1 | M41: 35.45 | N41: 10 | O41: 0 | P41: -9.4 | Q41: -27.45 | R41: 0 | S41: 0 | T41: 0 | U41: 0 | V41: 0 | W41: 0 | X41: 1.25 | Y41: 0
B42: Tỷ lệ NQH | C42: =+C39/C36 -> #VALUE! | D42: =+D39/D36 -> 0.0015804986 | E42: =+E39/E36 -> 0.0015118894 | F42: =+F39/F36 -> 0.0013516947 | G42: =+G39/G36 -> 0.0014073599 | H42: =+H39/H36 -> 0.0013745498 | I42: =+I39/I36 -> 0.0020692905 | J42: =+J39/J36 -> 0.00060811021 | ... Y42: =+Y39/Y36 -> 0
A43: III | B43: Chi tiết từng chương trình | C43: =+C44+C47+C50+C53+C54+C57+C65+C66+C67+C70+C71+C72+C75+C78+C80+C81 -> #VALUE! | D43: =+D44+D47+D50+D53+D54+D57+D65+D66+D67+D70+D71+D72+D75+D78+D80+D81 -> 596158.95 | E43: =+E44+E47+E50+E53+E54+E57+E65+E66+E67+E70+E71+E72+E75+E78+E80+E81 -> 533501.89 | F43: =+F44+F47+F50+F53+F54+F57+F65+F66+F67+F70+F71+F72+F75+F78+F80+F81 -> 580406.5 | G43: =+G44+G47+G50+G53+G54+G57+G65+G66+G67+G70+G71+G72+G75+G78+G80+G81 -> 645130.97 | H43: =+H44+H47+H50+H53+H54+H57+H65+H66+H67+H70+H71+H72+H75+H78+H80+H81 -> 701715.34 | I43: =+I44+I47+I50+I53+I54+I57+I65+I66+I67+I70+I71+I72+I75+I78+I80+I81 -> 556191.68 | J43: =+J44+J47+J50+J53+J54+J57+J65+J66+J67+J70+J71+J72+J75+J78+J80+J81 -> 595276.23 | ... Y43: =+Y44+Y47+Y50+Y53+Y54+Y57+Y65+Y66+Y67+Y70+Y71+Y72+Y75+Y78+Y80+Y81 -> 467288.54
A44: 1 | B44: Cho vay hộ nghèo | C44: DN_CTR_QD_0101 | D44: 959.52 | E44: 3726.4 | F44: 6453.6 | G44: 3969.39 | H44: 8160.35 | I44: 14732.78 | J44: 2837.98 | K44: 13514.99 | L44: 8122.71 | M44: 2101.22 | N44: 6456.69 | O44: 3762 | P44: 17512.6 | Q44: 260.81 | R44: 2352 | S44: 46239.61 | T44: 2056 | U44: 58 | V44: 22452.35 | W44: 33673.03 | X44: 19586.78 | Y44: 25766.53
B45: Tr.đó: + Cho vay bằng vốn TW | C45: DN_CTR_QD_NV_010101 | D45: 136.02 | E45: 2716.1 | F45: 2197.5 | G45: 1504.99 | H45: 4516.05 | I45: 11980.28 | J45: 2129.98 | K45: 6935.89 | L45: 4369.55 | M45: 1543.22 | N45: 2589.38 | O45: 3762 | P45: 17343.6 | Q45: 260.81 | R45: 2352 | S45: 46169.61 | T45: 2056 | U45: 58 | V45: 20944.06 | W45: 31171.53 | X45: 17936.28 | Y45: 24629.53
B46: + Cho vay bằng vốn ĐP | C46: DN_CTR_QD_NV_010102 | D46: 823.5 | E46: 1010.3 | F46: 4256.1 | G46: 2464.4 | H46: 3644.3 | I46: 2752.5 | J46: 708 | K46: 6579.1 | L46: 3753.16 | M46: 558 | N46: 3867.31 | O46: 0 | P46: 169 | Q46: 0 | R46: 0 | S46: 70 | T46: 0 | U46: 0 | V46: 1508.29 | W46: 2501.5 | X46: 1650.5 | Y46: 1137
A47: 2 | B47: Cho vay hộ cận nghèo | C47: DN_CTR_QD_1919 | D47: 1022.18 | E47: 1680.69 | F47: 11298 | G47: 3488.3 | H47: 35145.67 | I47: 16664.88 | J47: 42147.01 | K47: 74833.44 | L47: 11480.6 | M47: 20654.33 | N47: 5430.7 | O47: 4476 | P47: 49995.24 | Q47: 632.6 | R47: 6984 | S47: 34144 | T47: 61126.69 | U47: 606 | V47: 22324.95 | W47: 106052.09 | X47: 51366.68 | Y47: 11165
B48: Tr.đó: + Cho vay bằng vốn TW | C48: DN_CTR_QD_NV_191901 | D48: 349 | E48: 1325.69 | F48: 1389.7 | G48: 1084.3 | H48: 20512.28 | I48: 10573.93 | J48: 23503.92 | K48: 34546.94 | L48: 4993.12 | M48: 9631.01 | N48: 2321.1 | O48: 4476 | P48: 49577.74 | Q48: 618 | R48: 6984 | S48: 34144 | T48: 61126.69 | U48: 606 | V48: 22264.95 | W48: 106052.09 | X48: 51366.68 | Y48: 11165
B49: + Cho vay bằng vốn ĐP | C49: DN_CTR_QD_NV_191902 | D49: 673.18 | E49: 355 | F49: 9908.3 | G49: 2404 | H49: 14633.39 | I49: 6090.95 | J49: 18643.09 | K49: 40286.5 | L49: 6487.49 | M49: 11023.32 | N49: 3109.6 | O49: 0 | P49: 417.5 | Q49: 14.6 | R49: 0 | S49: 0 | T49: 0 | U49: 0 | V49: 60 | W49: 0 | X49: 0 | Y49: 0
A50: 3 | B50: Cho vay hộ mới thoát nghèo | C50: DN_CTR_QD_0922 | D50: 281 | E50: 722.1 | F50: 5790.15 | G50: 3480.1 | H50: 41325.92 | I50: 15019.3 | J50: 49948.24 | K50: 31752.2 | L50: 3610.3 | M50: 13021.44 | N50: 11464.84 | O50: 6805.1 | P50: 148514.86 | Q50: 269.2 | R50: 15391.18 | S50: 92465.3 | T50: 53884.8 | U50: 80014.05 | V50: 144374.53 | W50: 42976.3 | X50: 150670.28 | Y50: 60043.31
B51: Tr.đó: + Cho vay bằng vốn TW | C51: DN_CTR_QD_NV_092201 | D51: 100 | E51: 302.1 | F51: 4090.15 | G51: 1107.2 | H51: 23195.94 | I51: 10506.67 | J51: 17399.5 | K51: 14119.4 | L51: 2124.8 | M51: 9404.44 | N51: 9364.64 | O51: 6805.1 | P51: 144113.86 | Q51: 244.1 | R51: 15391.18 | S51: 92465.3 | T51: 53884.8 | U51: 79681.55 | V51: 143932.53 | W51: 42976.3 | X51: 149970.28 | Y51: 60043.31
B52: + Cho vay bằng vốn ĐP | C52: DN_CTR_QD_NV_092202 | D52: 181 | E52: 420 | F52: 1700 | G52: 2372.9 | H52: 18129.98 | I52: 4512.63 | J52: 32548.74 | K52: 17632.8 | L52: 1485.5 | M52: 3617 | N52: 2100.2 | O52: 0 | P52: 4401 | Q52: 25.1 | R52: 0 | S52: 0 | T52: 0 | U52: 332.5 | V52: 442 | W52: 0 | X52: 700 | Y52: 0
A53: 4 | B53: Cho vay HSSV (vốn TW) | C53: DN_CTR_QD_0202 | D53: 81881.26 | E53: 73452.42 | F53: 53562.25 | G53: 103367.86 | H53: 99618.11 | I53: 99971.9 | J53: 73230.43 | K53: 112259.65 | L53: 59410.02 | M53: 59410.62 | N53: 54154.5 | O53: 53438.8 | P53: 107160.9 | Q53: 67455.49 | R53: 76895.24 | S53: 152528.85 | T53: 57879.14 | U53: 59894.9 | V53: 50297.25 | W53: 75832.4 | X53: 92327.21 | Y53: 87163.7
A54: 5 | B54: Cho vay NS&VSMT nông thôn | C54: DN_CTR_QD_0606 | D54: 14951.64 | E54: 152662.33 | F54: 158335.62 | G54: 70077.86 | H54: 211367.78 | I54: 168702.52 | J54: 135080.74 | K54: 174947.6 | L54: 157926.63 | M54: 160485.81 | N54: 148211.35 | O54: 52412.6 | P54: 199887.92 | Q54: 38095.87 | R54: 39861.07 | S54: 227417.9 | T54: 154553.63 | U54: 68235.4 | V54: 149666.59 | W54: 145732.14 | X54: 127098.16 | Y54: 173059.6
B55: Tr.đó: + Cho vay bằng vốn TW | C55: DN_CTR_QD_NV_060601 | D55: 14951.64 | E55: 152662.33 | F55: 158335.62 | G55: 70077.86 | H55: 211292.78 | I55: 168702.52 | J55: 133605.74 | K55: 174947.6 | L55: 157926.63 | M55: 160485.81 | N55: 147211.35 | O55: 52412.6 | P55: 199761.92 | Q55: 38095.87 | R55: 39861.07 | S55: 227417.9 | T55: 154553.63 | U55: 67287.4 | V55: 147666.59 | W55: 144747.14 | X55: 125146.16 | Y55: 173039.6
B56: + Cho vay bằng vốn ĐP | C56: DN_CTR_QD_NV_060602 | D56: 0 | E56: 0 | F56: 0 | G56: 0 | H56: 75 | I56: 0 | J56: 1475 | K56: 0 | L56: 0 | M56: 0 | N56: 1000 | O56: 0 | P56: 126 | Q56: 0 | R56: 0 | S56: 0 | T56: 0 | U56: 948 | V56: 2000 | W56: 985 | X56: 1952 | Y56: 20
A57: 6 | B57: Cho vay Giải quyết việc làm | C57: DN_CTR_QD_0303 | D57: 411660.05 | E57: 298553.15 | F57: 331531.34 | G57: 347199.83 | H57: 290268.55 | I57: 223329.1 | J57: 274353.63 | K57: 254695.37 | L57: 298908.82 | M57: 249618.36 | N57: 284632.11 | O57: 167087.46 | P57: 53425.31 | Q57: 194184.3 | R57: 167833.39 | S57: 63811.58 | T57: 109003.9 | U57: 151173.53 | V57: 47195.98 | W57: 40668.8 | X57: 48521.18 | Y57: 90460.22
A58: a. | B58: Cho vay bằng nguồn vốn TW cấp | C58: DN_CTR_QD_NV_030301QQG | D58: 7125.3203 | E58: 5185.35 | F58: 4863.9236 | G58: 5645.7862 | H58: 6281.39 | I58: 2784.8 | J58: 8300.891 | K58: 2086 | L58: 4856.928 | M58: 4996.9099 | N58: 8082.1011 | O58: 5649.7583 | P58: 7796.3728 | Q58: 7629.1553 | R58: 3786 | S58: 10629.573 | T58: 7065.0992 | U58: 6701.7251 | V58: 6310.7839 | W58: 4314.8 | X58: 4070.8293 | Y58: 4698.2
B59: Tr. Đó: + Vốn UBND tỉnh quản lý | C59: DN_CTR_QD_NV_030301UBND | D59: 6482.4573 | E59: 4705.35 | F59: 4446.087 | G59: 5490.7862 | H59: 6047.39 | I59: 2533.8 | J59: 6895.491 | K59: 1951 | L59: 4412.928 | M59: 4931.9099 | N59: 7634.3011 | O59: 5460.4 | P59: 7231.6 | Q59: 6623.8819 | R59: 3592 | S59: 9619.1302 | T59: 6314.5 | U59: 5515.6 | V59: 5411.9998 | W59: 3637.8 | X59: 3948.1 | Y59: 4122.6
B60: + Vốn Hội đoàn thể…quản lý | C60: DN_CTR_QD_NV_030301HDT | D60: 642.86304 | E60: 480 | F60: 417.83659 | G60: 155 | H60: 234 | I60: 251 | J60: 1405.4 | K60: 135 | L60: 444 | M60: 65 | N60: 447.8 | O60: 189.35826 | P60: 564.77278 | Q60: 1005.2734 | R60: 194 | S60: 1010.4424 | T60: 750.5992 | U60: 1186.1251 | V60: 898.78413 | W60: 677 | X60: 122.72927 | Y60: 575.6
A61: b. | B61: Cho vay bằng vốn NH huy động | C61: DN_CTR_QD_NV_030301HD | D61: 255468.49 | E61: 201401.06 | F61: 197774.83 | G61: 235865.52 | H61: 194022.68 | I61: 156472.01 | J61: 182021.18 | K61: 166853.15 | L61: 207923.96 | M61: 177916.18 | N61: 190547.22 | O61: 155896.7 | P61: 35541.539 | Q61: 161137.93 | R61: 158437 | S61: 42029.3 | T61: 106415.9 | U61: 150059.2 | V61: 32562 | W61: 32903.5 | X61: 37641.4 | Y61: 94039.6
A62: c. | B62: Cho vay bằng vốn NS địa phương | C62: DN_CTR_QD_NV_030302 | D62: 212534.54 | E62: 132684.03 | F62: 156218.58 | G62: 155216.23 | H62: 116572.48 | I62: 96837.889 | J62: 125854.54 | K62: 118951.21 | L62: 125766.97 | M62: 104324.26 | N62: 118029.04 | O62: 60793 | P62: 25969.4 | Q62: 82022.447 | R62: 60800.387 | S62: 26790.709 | T62: 35690.9 | U62: 49369.1 | V62: 21871.2 | W62: 19713.5 | X62: 21664.952 | Y62: 29527.416
B63: Tr.đó: + Cho vay sau ĐT nghề | C63: DN_CTR_QD_NV_030302DTN | D63: 0 | E63: 3157 | F63: 0 | G63: 215 | H63: 254 | I63: 420 | J63: 37.5 | K63: 0 | L63: 0 | M63: 319.2 | N63: 0 | O63: 0 | P63: 0 | Q63: 0 | R63: 0 | S63: 0 | T63: 0 | U63: 0 | V63: 0 | W63: 0 | X63: 0 | Y63: 0
B64: + Cho vay GQVL thông thường | C64: DN_CTR_QD_NV_030302TT | D64: 212534.54 | E64: 129527.03 | F64: 156218.58 | G64: 155001.23 | H64: 116318.48 | I64: 96417.889 | J64: 125817.04 | K64: 118951.21 | L64: 125766.97 | M64: 104005.06 | N64: 118029.04 | O64: 60793 | P64: 25969.4 | Q64: 82022.447 | R64: 60800.387 | S64: 26790.709 | T64: 35690.9 | U64: 49369.1 | V64: 21871.2 | W64: 19713.5 | X64: 21664.952 | Y64: 29527.416
A65: 7 | B65: Cho vay nhà ở theo QĐ 167 (vốn TW) | C65: DN_CTR_QD_0707 | D65: 0 | E65: 0 | F65: 0 | G65: 0 | H65: 8 | I65: 16 | J65: 0 | K65: 0 | L65: 0 | M65: 0 | N65: 0 | O65: 0 | P65: 17.2 | Q65: 0 | R65: 0 | S65: 8 | T65: 0 | U65: 0 | V65: 0 | W65: 16 | X65: 0 | Y65: 24
A66: 8 | B66: Cho vay nhà ở theo QĐ 33 (vốn TW) | C66: DN_CTR_QD_0723 | D66: 0 | E66: 0 | F66: 0 | G66: 0 | H66: 0 | I66: 69.8 | J66: 0 | K66: 96.9 | L66: 0 | M66: 25 | N66: 0 | O66: 0 | P66: 2856.6 | Q66: 0 | R66: 0 | S66: 1328.9 | T66: 576 | U66: 0 | V66: 936 | W66: 2243.17 | X66: 2197.3 | Y66: 342.5
A67: 9 | B67: Cho vay NOXH NĐ 100 | C67: DN_CTR_QD_1226 | D67: 85389.3 | E67: 2704.8 | F67: 13435.54 | G67: 113547.63 | H67: 15820.86 | I67: 17570.4 | J67: 17678.2 | K67: 9774.18 | L67: 10016.1 | M67: 10708.4 | N67: 23093.1 | O67: 2141.46 | P67: 1520.58 | Q67: 20896.96 | R67: 8021.94 | S67: 8137.59 | T67: 4409.76 | U67: 7672.46 | V67: 6018.44 | W67: 8005.5 | X67: 37820.02 | Y67: 1326
B68: Tr.đó: + Cho vay bằng vốn TW | C68: DN_CTR_QD_NV_122601 | D68: 7755.4 | E68: 1322.3 | F68: 11749.84 | G68: 39288.07 | H68: 10422.86 | I68: 15349.5 | J68: 11693.9 | K68: 8631.08 | L68: 9446.3 | M68: 8548.8 | N68: 9862.7 | O68: 2141.46 | P68: 1520.58 | Q68: 20896.96 | R68: 8021.94 | S68: 8137.59 | T68: 4409.76 | U68: 7672.46 | V68: 6018.44 | W68: 8005.5 | X68: 37820.01 | Y68: 1326
B69: + Cho vay bằng vốn ĐP | C69: DN_CTR_QD_NV_122602 | D69: 77633.89 | E69: 1382.5 | F69: 1685.7 | G69: 74259.56 | H69: 5398 | I69: 2220.9 | J69: 5984.3 | K69: 1143.1 | L69: 569.8 | M69: 2159.6 | N69: 13230.4 | O69: 0 | P69: 0 | Q69: 0 | R69: 0 | S69: 0 | T69: 0 | U69: 0 | V69: 0 | W69: 0 | X69: 0 | Y69: 0
A70: 10 | B70: Cho vay hộ SXKD vùng KK (Vốn TW) | C70: DN_CTR_QD_1010 | D70: 0 | E70: 0 | F70: 0 | G70: 0 | H70: 0.1 | I70: 0 | J70: 0 | K70: 15 | L70: 0 | M70: 51.01 | N70: 0 | O70: 4687 | P70: 156564.82 | Q70: 0 | R70: 200 | S70: 123802.2 | T70: 11274.38 | U70: 0 | V70: 113332.75 | W70: 179485.48 | X70: 67507.09 | Y70: 17839.6
A71: 11 | B71: Cho vay thương nhân vùng KK (Vốn TW) | C71: DN_CTR_QD_1515 | D71: 0 | E71: 0 | F71: 0 | G71: 0 | H71: 0 | I71: 0 | J71: 0 | K71: 0 | L71: 6.97 | M71: 0 | N71: 0 | O71: 0 | P71: 319 | Q71: 0 | R71: 0 | S71: 0 | T71: 0 | U71: 0 | V71: 50 | W71: 3817 | X71: 0 | Y71: 0
A72: 12 | B72: Cho vay DTTS nghèo theo QĐ 755 | C72: DN_CTR_QD_1717 | D72: 0 | E72: 0 | F72: 0 | G72: 0 | H72: 0 | I72: 15 | J72: 0 | K72: 0 | L72: 0 | M72: 0 | N72: 0 | O72: 0 | P72: 0 | Q72: 0 | R72: 0 | S72: 0 | T72: 0 | U72: 0 | V72: 30 | W72: 0 | X72: 0 | Y72: 0
B73: Tr.đó: + Cho vay bằng vốn TW | C73: DN_CTR_QD_NV_171701 | D73: 0 | E73: 0 | F73: 0 | G73: 0 | H73: 0 | I73: 0 | J73: 0 | K73: 0 | L73: 0 | M73: 0 | N73: 0 | O73: 0 | P73: 0 | Q73: 0 | R73: 0 | S73: 0 | T73: 0 | U73: 0 | V73: 30 | W73: 0 | X73: 0 | Y73: 0
B74: + Cho vay bằng vốn ĐP | C74: DN_CTR_QD_NV_171702 | D74: 0 | E74: 0 | F74: 0 | G74: 0 | H74: 0 | I74: 15 | J74: 0 | K74: 0 | L74: 0 | M74: 0 | N74: 0 | O74: 0 | P74: 0 | Q74: 0 | R74: 0 | S74: 0 | T74: 0 | U74: 0 | V74: 0 | W74: 0 | X74: 0 | Y74: 0
A75: 13 | B75: Cho vay DTTS theo QĐ 2085 | C75: DN_CTR_QD_2127 | D75: 0 | E75: 0 | F75: 0 | G75: 0 | H75: 0 | I75: 0 | J75: 0 | K75: 0 | L75: 0 | M75: 0 | N75: 0 | O75: 0 | P75: 1367 | Q75: 0 | R75: 0 | S75: 0 | T75: 0 | U75: 0 | V75: 100 | W75: 40 | X75: 70 | Y75: 0
B76: Tr.đó: + Cho vay bằng vốn TW | C76: DN_CTR_QD_NV_212701 | D76: 0 | E76: 0 | F76: 0 | G76: 0 | H76: 0 | I76: 0 | J76: 0 | K76: 0 | L76: 0 | M76: 0 | N76: 0 | O76: 0 | P76: 1367 | Q76: 0 | R76: 0 | S76: 0 | T76: 0 | U76: 0 | V76: 100 | W76: 40 | X76: 70 | Y76: 0
B77: + Cho vay bằng vốn ĐP | C77: DN_CTR_QD_NV_212702 | D77: 0 | E77: 0 | F77: 0 | G77: 0 | H77: 0 | I77: 0 | J77: 0 | K77: 0 | L77: 0 | M77: 0 | N77: 0 | O77: 0 | P77: 0 | Q77: 0 | R77: 0 | S77: 0 | T77: 0 | U77: 0 | V77: 0 | W77: 0 | X77: 0 | Y77: 0
A78: 14 | B78: Cho vay XKLĐ (Vốn TW) | C78: DN_CTR_QD_04__ | D78: 14 | E78: 0 | F78: 0 | G78: 0 | H78: 0 | I78: 100 | J78: 0 | K78: 0 | L78: 0 | M78: 0 | N78: 0 | O78: 0 | P78: 0 | Q78: 0 | R78: 0 | S78: 72.5 | T78: 0 | U78: 0 | V78: 0 | W78: 0 | X78: 70.3 | Y78: 98.08
B79: Tr.đó cho vay ký quỹ đi HQ | C79: DN_CTR_QD_NV_042401 | D79: 0 | E79: 0 | F79: 0 | G79: 0 | H79: 0 | I79: 100 | J79: 0 | K79: 0 | L79: 0 | M79: 0 | N79: 0 | O79: 0 | P79: 0 | Q79: 0 | R79: 0 | S79: 72.5 | T79: 0 | U79: 0 | V79: 0 | W79: 0 | X79: 70.3 | Y79: 35.79
A80: 15 | B80: Cho vay người khuyết tật (vốn ĐP) | C80: DN_CTR_QD_9999 | D80: 0 | E80: 0 | F80: 0 | G80: 0 | H80: 0 | I80: 0 | J80: 0 | K80: 0 | L80: 0 | M80: 0 | N80: 0 | O80: 0 | P80: 0 | Q80: 0 | R80: 0 | S80: 0 | T80: 0 | U80: 0 | V80: 0 | W80: 0 | X80: 0 | Y80: 0
A81: 16 | B81: Cho vay trả lương ngừng việc (vốn TW) | C81: DN_CTR_QD_2331 | D81: 0 | E81: 0 | F81: 0 | G81: 0 | H81: 0 | I81: 0 | J81: 0 | K81: 0 | L81: 0 | M81: 0 | N81: 0 | O81: 0 | P81: 0 | Q81: 0 | R81: 0 | S81: 0 | T81: 0 | U81: 0 | V81: 0 | W81: 0 | X81: 0 | Y81: 0
A82: B2 | B82: TÀI SẢN CÓ KHÁC | C82: 0 | D82: 0 | E82: 0 | F82: 0 | G82: 0 | H82: 0 | I82: 0 | J82: 0 | K82: 0 | L82: 0 | M82: 0 | N82: 0 | O82: 0 | P82: 0 | Q82: 0 | R82: 0 | S82: 0 | T82: 0 | U82: 0 | V82: 0 | W82: 0 | X82: 0 | Y82: 0
A83: B3 | B83: QUỸ AN TOÀN CHI TRẢ | C83: =+C84+C85 -> #VALUE! | D83: =+D84+D85 -> 10412.01 | E83: =+E84+E85 -> 1546.38 | F83: =+F84+F85 -> 1228.81 | G83: =+G84+G85 -> 1720.5 | H83: =+H84+H85 -> 1270.76 | I83: =+I84+I85 -> 3060.28 | J83: =+J84+J85 -> 1715.44 | ... Y83: =+Y84+Y85 -> 1537.72
A84: 1 | B84: Tồn quỹ tiền mặt | C84: ATCT_TM | D84: 1842.84 | E84: 525.29 | F84: 1169.92 | G84: 1586.43 | H84: 1261.06 | I84: 1211.55 | J84: 803.11 | K84: 0 | L84: 160.31 | M84: 1351.15 | N84: 391.56 | O84: 290.74 | P84: 700.39 | Q84: 680.24 | R84: 365.41 | S84: 576.06 | T84: 267.08 | U84: 220.24 | V84: 1054.13 | W84: 2204.84 | X84: 119.85 | Y84: 830.05
A85: 2 | B85: TK tiền gửi | C85: ATCT_TG | D85: 8569.17 | E85: 1021.09 | F85: 58.89 | G85: 134.07 | H85: 9.7 | I85: 1848.73 | J85: 912.33 | K85: 1590.37 | L85: 1670.26 | M85: 1229.27 | N85: 915.88 | O85: 109 | P85: 129.43 | Q85: 575.75 | R85: 96.51 | S85: 61.62 | T85: 605.1 | U85: 2380.68 | V85: 79.6 | W85: 44.53 | X85: 57.29 | Y85: 707.67
A86: 3 | B86: So với định mức được giao (+/-) | C86: DM_ATCT | D86: -6312.01 | E86: -746.38 | F86: -428.81 | G86: -920.5 | H86: -270.76 | I86: -2060.28 | J86: -915.44 | K86: -590.37 | L86: -1030.57 | M86: -1780.42 | N86: -507.44 | O86: -299.74 | P86: -729.82 | Q86: -1155.99 | R86: -361.92 | S86: -537.68 | T86: -772.18 | U86: -2500.92 | V86: -1033.73 | W86: -2149.37 | X86: -77.14 | Y86: -1437.72
C87: 12700 | D87: 4100 | E87: 800 | F87: 800 | G87: 800 | H87: 1000 | I87: 1000 | J87: 800 | K87: 1000 | L87: 800 | M87: 800 | N87: 800 | O87: 800 | P87: 800 | Q87: 800 | R87: 800 | S87: 800 | T87: 800 | U87: 800 | V87: 800 | W87: 800 | X87: 800 | Y87: 800
C88: DN_CTR_QD_0233 | D88: 0 | E88: 0 | F88: 23.8 | G88: 0 | H88: 10 | I88: 0 | J88: 0 | K88: 0 | L88: 0 | M88: 0 | N88: 0 | O88: 0 | P88: 69.4 | Q88: 0 | R88: 0 | S88: 103.5 | T88: 0 | U88: 0 | V88: 0 | W88: 0 | X88: 0 | Y88: 0
C89: DN_CTR_QD_0243 | D89: 1853.5 | E89: 886.55 | F89: 853.84 | G89: 119 | H89: 928.5 | I89: 1260.83 | J89: 1722.5 | K89: 857 | L89: 407 | M89: 370 | N89: 114 | O89: 567.36 | P89: 258 | Q89: 168 | R89: 680.19 | S89: 159.05 | T89: 0 | U89: 371.1 | V89: 87.4 | W89: 295.63 | X89: 347.5 | Y89: 324
C90: DN_CTR_QD_0637 | D90: 5547.7 | E90: 82113.87 | F90: 89888.03 | G90: 29317.26 | H90: 112145.42 | I90: 93546.42 | J90: 87202.33 | K90: 91609.6 | L90: 107516.94 | M90: 92248.95 | N90: 95205.18 | O90: 21315 | P90: 110670.31 | Q90: 18271.9 | R90: 22256.5 | S90: 108046 | T90: 98754.6 | U90: 40506.7 | V90: 81236.55 | W90: 101063.76 | X90: 80887 | Y90: 99507.1
C91: DN_CTR_QD_1238 | D91: 53029.9 | E91: 0 | F91: 11204.4 | G91: 53232 | H91: 284.1 | I91: 1936.3 | J91: 271.6 | K91: 1735 | L91: 3273.3 | M91: 1290.4 | N91: 0 | O91: 702.4 | P91: 0 | Q91: 2625.6 | R91: 0 | S91: 4226.7 | T91: 28456.3 | U91: 2372.7 | V91: 6456.7 | W91: 4224.5 | X91: 19962.25 | Y91: 0
C92: DN_CTR_QD_2332 | D92: 0 | E92: 0 | F92: 0 | G92: 0 | H92: 0 | I92: 0 | J92: 0 | K92: 0 | L92: 0 | M92: 0 | N92: 0 | O92: 0 | P92: 0 | Q92: 0 | R92: 0 | S92: 0 | T92: 0 | U92: 0 | V92: 0 | W92: 0 | X92: 0 | Y92: 0
C93: DN_CTR_QD_2535 | D93: 0 | E93: 0 | F93: 0 | G93: 0 | H93: 0 | I93: 0 | J93: 0 | K93: 0 | L93: 0 | M93: 0 | N93: 0 | O93: 0 | P93: 3805 | Q93: 0 | R93: 200 | S93: 3048 | T93: 0 | U93: 0 | V93: 5671 | W93: 1730 | X93: 2517 | Y93: 0
C94: DN_CTR_QD_2636 | D94: 1238.5 | E94: 1355 | F94: 1737 | G94: 3072.2 | H94: 4520.44 | I94: 1919 | J94: 2317 | K94: 3151 | L94: 1624.1 | M94: 2329 | N94: 2404.87 | O94: 3300 | P94: 4061.5 | Q94: 3995 | R94: 2050 | S94: 4680 | T94: 3899 | U94: 2570 | V94: 4495 | W94: 2455 | X94: 10282 | Y94: 5585
C95: DN_CTR_QD_9926 | D95: 0 | E95: 0 | F95: 200 | G95: 1200 | H95: 0 | I95: 9000 | J95: 1680 | K95: 3335 | L95: 2600 | M95: 4910 | N95: 200 | O95: 8510 | P95: 4100 | Q95: 0 | R95: 2000 | S95: 10000 | T95: 5350 | U95: 0 | V95: 950 | W95: 3850 | X95: 9400 | Y95: 6000
C96: DN_CTR_QD_NV_010102T | D96: 823.5 | E96: 1010.3 | F96: 4256.0953 | G96: 2464.4 | H96: 3644.3036 | I96: 2752.5 | J96: 708 | K96: 6579.1 | L96: 3753.1532 | M96: 558 | N96: 3867.305 | O96: 0 | P96: 169 | Q96: 0 | R96: 0 | S96: 70 | T96: 0 | U96: 0 | V96: 1508.2898 | W96: 2501.5 | X96: 1650.5 | Y96: 1137
C97: DN_CTR_QD_NV_063701 | D97: 5547.7 | E97: 82113.87 | F97: 89888.03 | G97: 29317.26 | H97: 112145.42 | I97: 93546.42 | J97: 85727.33 | K97: 91609.6 | L97: 107516.94 | M97: 92248.95 | N97: 94205.18 | O97: 21315 | P97: 110564.31 | Q97: 18271.9 | R97: 22256.5 | S97: 108046 | T97: 98754.6 | U97: 39963.7 | V97: 79236.55 | W97: 100103.76 | X97: 78935 | Y97: 99507.1
C98: DN_CTR_QD_NV_063702 | D98: 0 | E98: 0 | F98: 0 | G98: 0 | H98: 0 | I98: 0 | J98: 1475 | K98: 0 | L98: 0 | M98: 0 | N98: 1000 | O98: 0 | P98: 106 | Q98: 0 | R98: 0 | S98: 0 | T98: 0 | U98: 543 | V98: 2000 | W98: 960 | X98: 1952 | Y98: 0
C99: DN_CTR_QD_NV_070701 | D99: 0 | E99: 0 | F99: 0 | G99: 0 | H99: 8 | I99: 16 | J99: 0 | K99: 0 | L99: 0 | M99: 0 | N99: 0 | O99: 0 | P99: 17.2 | Q99: 0 | R99: 0 | S99: 8 | T99: 0 | U99: 0 | V99: 0 | W99: 8 | X99: 0 | Y99: 24
... C249: DN_CTR_QD_NV_123802_PRE_Y | D249: 28929.25 | E249: 0 | F249: 4253 | G249: 33090 | H249: 0 | I249: 0 | J249: 0 | K249: 0 | L249: 0 | M249: 0 | N249: 0 | O249: 0 | P249: 0 | Q249: 0 | R249: 0 | S249: 488.1 | T249: 3879.96 | U249: 0 | V249: 0 | W249: 400 | X249: 4388 | Y249: 0

Sheet TonghopBC
A1: NHCSXH CHI NHÁNH TỈNH ĐỒNG NAI
A3: =Dulieu!A3 -> CÂN ĐỐI NGUỒN VỐN VÀ SỬ DỤNG VỐN NĂM 2026
A4: =Dulieu!A4 -> (Thực hiện đến 21/04/2026)
N5: Đơn vị: triệu đồng, %
A6: TT | B6: Chỉ tiêu | C6: Tổng | D6: Trong đó | O6: Trong đó
D7: HST | E7: Long Thành | F7: Trảng Bom | G7: Long Khánh | H7: Xuân Lộc | I7: Định Quán | J7: Vĩnh Cửu | K7: Tân Phú | L7: Thống Nhất | M7: Cẩm Mỹ | N7: Nhơn Trạch | O7: Bình Long | P7: Lộc Ninh | Q7: Bình Phước | R7: Phước Long | S7: Bù Đăng | T7: Đồng Phú | U7: Chơn Thành | V7: Bù Đốp | W7: Bù Gia Mập | X7: Phú Riềng | Y7: Hớn Quản
A8: A | B8: NGUỒN VỐN (I+II+III) | C8: =SUM(D8:Y8) -> 13197495 | D8: =+D50+D172 -> 726161.15 | E8: =+Dulieu!E8 -> 578007.1 | F8: =+Dulieu!F8 -> 622980.35 | G8: =+Dulieu!G8 -> 754002.38 | H8: =+Dulieu!H8 -> 735337.13 | I8: =+Dulieu!I8 -> 606133.69 | J8: =+Dulieu!J8 -> 644805.77 | K8: =+Dulieu!K8 -> 715752.69 | L8: =+Dulieu!L8 -> 598856.16 | ... Y8: =+Dulieu!Y8 -> 518540.26
B9: So với đầu tháng | C9: =SUM(D9:Y9) -> 136748.86 | D9: =+D51+D173 -> 5050.67 | E9: =+E51+E173 -> 2040.7 | F9: =+F51+F173 -> 5682.33 | G9: =+G51+G173 -> -4368.84 | H9: =+H51+H173 -> 941.6 | I9: =+I51+I173 -> 10386.42 | J9: =+J51+J173 -> 2278.12 | K9: =+K51+K173 -> -586.03 | ... Y9: =+Y51+Y173 -> 4531.73
B10: So với đầu năm | C10: =SUM(D10:Y10) -> 1080222.7 | D10: =+D52+D174 -> 44562.51 | E10: =+E52+E174 -> 36623.98 | F10: =+F52+F174 -> 33229.51 | G10: =+G52+G174 -> 25645.2 | H10: =+H52+H174 -> 39266.49 | I10: =+I52+I174 -> 45682.67 | J10: =+J52+J174 -> 27215.23 | K10: =+K52+K174 -> 40083.06 | ... Y10: =+Y52+Y174 -> 54369.99
A11: I | B11: Vốn Trung ương | C11: =SUM(D11:Y11) -> 12720841 | D11: =+D8-D36 -> 704397.15 | E11: =+E8-E36 -> 548989.1 | F11: =+F8-F36 -> 582642.35 | G11: =+G8-G36 -> 719695.38 | H11: =+H8-H36 -> 688594.13 | I11: =+I8-I36 -> 557898.69 | J11: =+J8-J36 -> 570792.77 | K11: =+K8-K36 -> 646385.69 | ... Y11: =+Y8-Y36 -> 518440.26
B12: So với đầu tháng | C12: =SUM(D12:Y12) -> 136748.86 | D12: =+D9-D37 -> 5050.67 | E12: =+E9-E37 -> 2040.7 | F12: =+F9-F37 -> 5682.33 | G12: =+G9-G37 -> -4368.84 | H12: =+H9-H37 -> 941.6 | I12: =+I9-I37 -> 10386.42 | J12: =+J9-J37 -> 2278.12 | K12: =+K9-K37 -> -586.03 | ... Y12: =+Y9-Y37 -> 4531.73
B13: So với đầu năm | C13: =SUM(D13:Y13) -> #N/A | D13: =+D10-D38 -> #N/A | E13: =+E10-E38 -> #N/A | F13: =+F10-F38 -> #N/A | G13: =+G10-G38 -> #N/A | H13: =+H10-H38 -> #N/A | I13: =+I10-I38 -> #N/A | J13: =+J10-J38 -> #N/A | K13: =+K10-K38 -> #N/A | ... Y13: =+Y10-Y38 -> #N/A
A14: 1 | B14: Vốn trung ương cấp | C14: =SUM(D14:Y14) -> 10979678 | D14: =+D11-D18 -> 489563.77 | E14: =+E11-E18 -> 469546.77 | F14: =+F11-F18 -> 487046.92 | G14: =+G11-G18 -> 645936.26 | H14: =+H11-H18 -> 612890.85 | I14: =+I11-I18 -> 499502.71 | J14: =+J11-J18 -> 495184.62 | K14: =+K11-K18 -> 573163.01 | ... Y14: =+Y11-Y18 -> 474983.88
B15: So với đầu tháng | C15: =SUM(D15:Y15) -> 206560.67 | D15: =+D12-D19 -> 8394.77 | E15: =+E12-E19 -> 4284.56 | F15: =+F12-F19 -> 11658.07 | G15: =+G12-G19 -> -995.82 | H15: =+H12-H19 -> 5617.15 | I15: =+I12-I19 -> 12906.72 | J15: =+J12-J19 -> 6474.48 | K15: =+K12-K19 -> 138.42 | ... Y15: =+Y12-Y19 -> 11383.34
B16: So với đầu năm | C16: =SUM(D16:Y16) -> #N/A | D16: =+D13-D20 -> #N/A | E16: =+E13-E20 -> #N/A | F16: =+F13-F20 -> #N/A | G16: =+G13-G20 -> #N/A | H16: =+H13-H20 -> #N/A | I16: =+I13-I20 -> #N/A | J16: =+J13-J20 -> #N/A | K16: =+K13-K20 -> #N/A | ... Y16: =+Y13-Y20 -> #N/A
B17: Tỷ trọng trên tổng nguồn | C17: =+C14/C8 -> 0.83195172 | D17: =+Dulieu!D11 -> 0.67418061 | E17: =+Dulieu!E11 -> 0.81235468 | F17: =+Dulieu!F11 -> 0.78180142 | G17: =+Dulieu!G11 -> 0.85667669 | H17: =+Dulieu!H11 -> 0.8334828 | I17: =+Dulieu!I11 -> 0.8240801 | J17: =+Dulieu!J11 -> 0.76795935 | K17: =+Dulieu!K11 -> 0.80078359 | ... Y17: =+Dulieu!Y11 -> 0.91600193
A18: 2 | B18: Vốn huy động được TW cấp bù | C18: =SUM(D18:Y18) -> 1741162.4 | D18: =+Dulieu!D12 -> 214833.38 | E18: =+Dulieu!E12 -> 79442.33 | F18: =+Dulieu!F12 -> 95595.43 | G18: =+Dulieu!G12 -> 73759.12 | H18: =+Dulieu!H12 -> 75703.28 | I18: =+Dulieu!I12 -> 58395.98 | J18: =+Dulieu!J12 -> 75608.15 | K18: =+Dulieu!K12 -> 73222.68 | ... Y18: =+Dulieu!Y12 -> 43456.38
B19: So với đầu tháng | C19: =SUM(D19:Y19) -> -69811.81 | D19: =+D18-VLOOKUP(Dulieu!$C$12&"_PRE_M",Dulieu!$C$88:$N$400,2,FALSE) -> -3344.1 | E19: =+E18-VLOOKUP(Dulieu!$C$12&"_PRE_M",Dulieu!$C$88:$N$400,3,FALSE) -> -2243.86 | F19: =+F18-VLOOKUP(Dulieu!$C$12&"_PRE_M",Dulieu!$C$88:$N$400,4,FALSE) -> -5975.74 | G19: =+G18-VLOOKUP(Dulieu!$C$12&"_PRE_M",Dulieu!$C$88:$N$400,5,FALSE) -> -3373.02 | H19: =+H18-VLOOKUP(Dulieu!$C$12&"_PRE_M",Dulieu!$C$88:$N$400,6,FALSE) -> -4675.55 | I19: =+I18-VLOOKUP(Dulieu!$C$12&"_PRE_M",Dulieu!$C$88:$N$400,7,FALSE) -> -2520.3 | J19: =+J18-VLOOKUP(Dulieu!$C$12&"_PRE_M",Dulieu!$C$88:$N$400,8,FALSE) -> -4196.36 | K19: =+K18-VLOOKUP(Dulieu!$C$12&"_PRE_M",Dulieu!$C$88:$N$400,9,FALSE) -> -724.45 | L19: =+L18-VLOOKUP(Dulieu!$C$12&"_PRE_M",Dulieu!$C$88:$N$400,10,FALSE) -> -3733.69 | M19: =+M18-VLOOKUP(Dulieu!$C$12&"_PRE_M",Dulieu!$C$88:$N$400,11,FALSE) -> -1727.74 | N19: =+N18-VLOOKUP(Dulieu!$C$12&"_PRE_M",Dulieu!$C$88:$N$400,12,FALSE) -> 3403.05 | O19: =+O18-VLOOKUP(Dulieu!$C$12&"_PRE_M",Dulieu!$C$88:$Y$400,13,FALSE) -> -2432.74 | P19: =+P18-VLOOKUP(Dulieu!$C$12&"_PRE_M",Dulieu!$C$88:$Y$400,14,FALSE) -> 911.98 | Q19: =+Q18-VLOOKUP(Dulieu!$C$12&"_PRE_M",Dulieu!$C$88:$Y$400,15,FALSE) -> 497.27 | R19: =+R18-VLOOKUP(Dulieu!$C$12&"_PRE_M",Dulieu!$C$88:$Y$400,16,FALSE) -> -3447.66 | S19: =+S18-VLOOKUP(Dulieu!$C$12&"_PRE_M",Dulieu!$C$88:$Y$400,17,FALSE) -> -4554.7 | T19: =+T18-VLOOKUP(Dulieu!$C$12&"_PRE_M",Dulieu!$C$88:$Y$400,18,FALSE) -> -6090.73 | U19: =+U18-VLOOKUP(Dulieu!$C$12&"_PRE_M",Dulieu!$C$88:$Y$400,19,FALSE) -> -6128.03 | V19: =+V18-VLOOKUP(Dulieu!$C$12&"_PRE_M",Dulieu!$C$88:$Y$400,20,FALSE) -> -1673.13 | W19: =+W18-VLOOKUP(Dulieu!$C$12&"_PRE_M",Dulieu!$C$88:$Y$400,21,FALSE) -> -3343.33 | X19: =+X18-VLOOKUP(Dulieu!$C$12&"_PRE_M",Dulieu!$C$88:$Y$400,22,FALSE) -> -7587.37 | Y19: =+Y18-VLOOKUP(Dulieu!$C$12&"_PRE_M",Dulieu!$C$88:$Y$400,23,FALSE) -> -6851.61
B20: So với đầu năm | C20: =SUM(D20:Y20) -> 27309.11 | D20: =+D18-VLOOKUP(Dulieu!$C$12&"_PRE_Y",Dulieu!$C$88:$N$400,2,FALSE) -> -91860.51 | E20: =+E18-VLOOKUP(Dulieu!$C$12&"_PRE_Y",Dulieu!$C$88:$N$400,3,FALSE) -> -1406.77 | F20: =+F18-VLOOKUP(Dulieu!$C$12&"_PRE_Y",Dulieu!$C$88:$N$400,4,FALSE) -> 8150.75 | G20: =+G18-VLOOKUP(Dulieu!$C$12&"_PRE_Y",Dulieu!$C$88:$N$400,5,FALSE) -> 1247.59 | H20: =+H18-VLOOKUP(Dulieu!$C$12&"_PRE_Y",Dulieu!$C$88:$N$400,6,FALSE) -> -1313.84 | I20: =+I18-VLOOKUP(Dulieu!$C$12&"_PRE_Y",Dulieu!$C$88:$N$400,7,FALSE) -> -2052.58 | J20: =+J18-VLOOKUP(Dulieu!$C$12&"_PRE_Y",Dulieu!$C$88:$N$400,8,FALSE) -> 3329.63 | K20: =+K18-VLOOKUP(Dulieu!$C$12&"_PRE_Y",Dulieu!$C$88:$N$400,9,FALSE) -> 7117.99 | L20: =+L18-VLOOKUP(Dulieu!$C$12&"_PRE_Y",Dulieu!$C$88:$N$400,10,FALSE) -> 11772.61 | M20: =+M18-VLOOKUP(Dulieu!$C$12&"_PRE_Y",Dulieu!$C$88:$N$400,11,FALSE) -> -2368.73 | N20: =+N18-VLOOKUP(Dulieu!$C$12&"_PRE_Y",Dulieu!$C$88:$N$400,12,FALSE) -> 19542.44 | O20: =+O18-VLOOKUP(Dulieu!$C$12&"_PRE_Y",Dulieu!$C$88:$Y$400,13,FALSE) -> 5254.31 | P20: =+P18-VLOOKUP(Dulieu!$C$12&"_PRE_Y",Dulieu!$C$88:$Y$400,14,FALSE) -> 11974.46 | Q20: =+Q18-VLOOKUP(Dulieu!$C$12&"_PRE_Y",Dulieu!$C$88:$Y$400,15,FALSE) -> 34560.33 | R20: =+R18-VLOOKUP(Dulieu!$C$12&"_PRE_Y",Dulieu!$C$88:$Y$400,16,FALSE) -> 3846.73 | S20: =+S18-VLOOKUP(Dulieu!$C$12&"_PRE_Y",Dulieu!$C$88:$Y$400,17,FALSE) -> 2533.6 | T20: =+T18-VLOOKUP(Dulieu!$C$12&"_PRE_Y",Dulieu!$C$88:$Y$400,18,FALSE) -> 5008.8 | U20: =+U18-VLOOKUP(Dulieu!$C$12&"_PRE_Y",Dulieu!$C$88:$Y$400,19,FALSE) -> 2104.02 | V20: =+V18-VLOOKUP(Dulieu!$C$12&"_PRE_Y",Dulieu!$C$88:$Y$400,20,FALSE) -> 2934.89 | W20: =+W18-VLOOKUP(Dulieu!$C$12&"_PRE_Y",Dulieu!$C$88:$Y$400,21,FALSE) -> 6725.42 | X20: =+X18-VLOOKUP(Dulieu!$C$12&"_PRE_Y",Dulieu!$C$88:$Y$400,22,FALSE) -> -662.15 | Y20: =+Y18-VLOOKUP(Dulieu!$C$12&"_PRE_Y",Dulieu!$C$88:$Y$400,23,FALSE) -> 870.12
B21: Tỷ trọng trên tổng nguồn | C21: =+C18/C8 -> 0.13193128 | D21: =+Dulieu!D13 -> 0.29584808 | E21: =+Dulieu!E13 -> 0.13744179 | F21: =+Dulieu!F13 -> 0.15344855 | G21: =+Dulieu!G13 -> 0.097823458 | H21: =+Dulieu!H13 -> 0.10295044 | I21: =+Dulieu!I13 -> 0.096341749 | J21: =+Dulieu!J13 -> 0.11725725 | K21: =+Dulieu!K13 -> 0.10230165 | ... Y21: =+Dulieu!Y13 -> 0.083805219
A22: 2.1. | B22: Tiền gửi tổ chức, cá nhân | C22: =SUM(D22:Y22) -> 357762.62 | D22: =+Dulieu!D14 -> 119126.17 | E22: =+Dulieu!E14 -> 4343.33 | F22: =+Dulieu!F14 -> 4746.26 | G22: =+Dulieu!G14 -> 3310.49 | H22: =+Dulieu!H14 -> 1933.31 | I22: =+Dulieu!I14 -> 4028.12 | J22: =+Dulieu!J14 -> 10604.04 | K22: =+Dulieu!K14 -> 1187.43 | ... Y22: =+Dulieu!Y14 -> 1815.02
B23: So với đầu tháng | C23: =SUM(D23:Y23) -> -45728.39 | D23: =+D22-VLOOKUP(Dulieu!$C$14&"_PRE_M",Dulieu!$C$88:$N$400,2,FALSE) -> 767.56 | E23: =+E22-VLOOKUP(Dulieu!$C$14&"_PRE_M",Dulieu!$C$88:$N$400,3,FALSE) -> -1366.69 | F23: =+F22-VLOOKUP(Dulieu!$C$14&"_PRE_M",Dulieu!$C$88:$N$400,4,FALSE) -> -7508.67 | G23: =+G22-VLOOKUP(Dulieu!$C$14&"_PRE_M",Dulieu!$C$88:$N$400,5,FALSE) -> 663.36 | H23: =+H22-VLOOKUP(Dulieu!$C$14&"_PRE_M",Dulieu!$C$88:$N$400,6,FALSE) -> -368.67 | I23: =+I22-VLOOKUP(Dulieu!$C$14&"_PRE_M",Dulieu!$C$88:$N$400,7,FALSE) -> -2434.09 | J23: =+J22-VLOOKUP(Dulieu!$C$14&"_PRE_M",Dulieu!$C$88:$N$400,8,FALSE) -> -451.75 | K23: =+K22-VLOOKUP(Dulieu!$C$14&"_PRE_M",Dulieu!$C$88:$N$400,9,FALSE) -> -251.5 | L23: =+L22-VLOOKUP(Dulieu!$C$14&"_PRE_M",Dulieu!$C$88:$N$400,10,FALSE) -> 49.4 | M23: =+M22-VLOOKUP(Dulieu!$C$14&"_PRE_M",Dulieu!$C$88:$N$400,11,FALSE) -> 76.55 | N23: =+N22-VLOOKUP(Dulieu!$C$14&"_PRE_M",Dulieu!$C$88:$N$400,12,FALSE) -> 114.34 | O23: =+O22-VLOOKUP(Dulieu!$C$14&"_PRE_M",Dulieu!$C$88:$Y$400,13,FALSE) -> -994.59 | P23: =+P22-VLOOKUP(Dulieu!$C$14&"_PRE_M",Dulieu!$C$88:$Y$400,14,FALSE) -> -868.07 | Q23: =+Q22-VLOOKUP(Dulieu!$C$14&"_PRE_M",Dulieu!$C$88:$Y$400,15,FALSE) -> 576.32 | R23: =+R22-VLOOKUP(Dulieu!$C$14&"_PRE_M",Dulieu!$C$88:$Y$400,16,FALSE) -> -3882.89 | S23: =+S22-VLOOKUP(Dulieu!$C$14&"_PRE_M",Dulieu!$C$88:$Y$400,17,FALSE) -> -3590.58 | T23: =+T22-VLOOKUP(Dulieu!$C$14&"_PRE_M",Dulieu!$C$88:$Y$400,18,FALSE) -> -4224.44 | U23: =+U22-VLOOKUP(Dulieu!$C$14&"_PRE_M",Dulieu!$C$88:$Y$400,19,FALSE) -> -5980.99 | V23: =+V22-VLOOKUP(Dulieu!$C$14&"_PRE_M",Dulieu!$C$88:$Y$400,20,FALSE) -> -3754.33 | W23: =+W22-VLOOKUP(Dulieu!$C$14&"_PRE_M",Dulieu!$C$88:$Y$400,21,FALSE) -> -1416.48 | X23: =+X22-VLOOKUP(Dulieu!$C$14&"_PRE_M",Dulieu!$C$88:$Y$400,22,FALSE) -> -6061.03 | Y23: =+Y22-VLOOKUP(Dulieu!$C$14&"_PRE_M",Dulieu!$C$88:$Y$400,23,FALSE) -> -4821.15
B24: So với đầu năm | C24: =SUM(D24:Y24) -> -88589.24 | D24: =+D22-VLOOKUP(Dulieu!$C$14&"_PRE_Y",Dulieu!$C$88:$N$400,2,FALSE) -> -105699.14 | E24: =+E22-VLOOKUP(Dulieu!$C$14&"_PRE_Y",Dulieu!$C$88:$N$400,3,FALSE) -> 10.55 | F24: =+F22-VLOOKUP(Dulieu!$C$14&"_PRE_Y",Dulieu!$C$88:$N$400,4,FALSE) -> -5715.87 | G24: =+G22-VLOOKUP(Dulieu!$C$14&"_PRE_Y",Dulieu!$C$88:$N$400,5,FALSE) -> 447.05 | H24: =+H22-VLOOKUP(Dulieu!$C$14&"_PRE_Y",Dulieu!$C$88:$N$400,6,FALSE) -> -701.62 | I24: =+I22-VLOOKUP(Dulieu!$C$14&"_PRE_Y",Dulieu!$C$88:$N$400,7,FALSE) -> -165.62 | J24: =+J22-VLOOKUP(Dulieu!$C$14&"_PRE_Y",Dulieu!$C$88:$N$400,8,FALSE) -> -102.22 | K24: =+K22-VLOOKUP(Dulieu!$C$14&"_PRE_Y",Dulieu!$C$88:$N$400,9,FALSE) -> 41.98 | L24: =+L22-VLOOKUP(Dulieu!$C$14&"_PRE_Y",Dulieu!$C$88:$N$400,10,FALSE) -> 2567.32 | M24: =+M22-VLOOKUP(Dulieu!$C$14&"_PRE_Y",Dulieu!$C$88:$N$400,11,FALSE) -> -255.65 | N24: =+N22-VLOOKUP(Dulieu!$C$14&"_PRE_Y",Dulieu!$C$88:$N$400,12,FALSE) -> -417.35 | O24: =+O22-VLOOKUP(Dulieu!$C$14&"_PRE_Y",Dulieu!$C$88:$Y$400,13,FALSE) -> -49.7 | P24: =+P22-VLOOKUP(Dulieu!$C$14&"_PRE_Y",Dulieu!$C$88:$Y$400,14,FALSE) -> 746.64 | Q24: =+Q22-VLOOKUP(Dulieu!$C$14&"_PRE_Y",Dulieu!$C$88:$Y$400,15,FALSE) -> 30301.79 | R24: =+R22-VLOOKUP(Dulieu!$C$14&"_PRE_Y",Dulieu!$C$88:$Y$400,16,FALSE) -> -395.6 | S24: =+S22-VLOOKUP(Dulieu!$C$14&"_PRE_Y",Dulieu!$C$88:$Y$400,17,FALSE) -> -1207.3 | T24: =+T22-VLOOKUP(Dulieu!$C$14&"_PRE_Y",Dulieu!$C$88:$Y$400,18,FALSE) -> -413.58 | U24: =+U22-VLOOKUP(Dulieu!$C$14&"_PRE_Y",Dulieu!$C$88:$Y$400,19,FALSE) -> 637.32 | V24: =+V22-VLOOKUP(Dulieu!$C$14&"_PRE_Y",Dulieu!$C$88:$Y$400,20,FALSE) -> -2280.99 | W24: =+W22-VLOOKUP(Dulieu!$C$14&"_PRE_Y",Dulieu!$C$88:$Y$400,21,FALSE) -> -1381.35 | X24: =+X22-VLOOKUP(Dulieu!$C$14&"_PRE_Y",Dulieu!$C$88:$Y$400,22,FALSE) -> -3722.43 | Y24: =+Y22-VLOOKUP(Dulieu!$C$14&"_PRE_Y",Dulieu!$C$88:$Y$400,23,FALSE) -> -833.47
B25: Tr.đó: Tiền gửi ký quỹ đi LĐ HQ | C25: =SUM(D25:Y25) -> 27454.2 | D25: =+Dulieu!D15 -> 9842.7 | E25: =+Dulieu!E15 -> 3267.76 | F25: =+Dulieu!F15 -> 1571.58 | G25: =+Dulieu!G15 -> 525.64 | H25: =+Dulieu!H15 -> 1060.92 | I25: =+Dulieu!I15 -> 2072.11 | J25: =+Dulieu!J15 -> 210.26 | K25: =+Dulieu!K15 -> 204.7 | ... Y25: =+Dulieu!Y15 -> 680.46
B26: Tiền gửi vay NOXH | C26: =SUM(D26:Y26) -> 0 | D26: =+Dulieu!D16 -> 0 | E26: =+Dulieu!E16 -> 0 | F26: =+Dulieu!F16 -> 0 | G26: =+Dulieu!G16 -> 0 | H26: =+Dulieu!H16 -> 0 | I26: =+Dulieu!I16 -> 0 | J26: =+Dulieu!J16 -> 0 | K26: =+Dulieu!K16 -> 0 | ... Y26: =+Dulieu!Y16 -> 0
A27: 2.2. | B27: Huy động tiết kiệm dân cư | C27: =SUM(D27:Y27) -> 291415.3 | D27: =+Dulieu!D17 -> 9625.53 | E27: =+Dulieu!E17 -> 15627.91 | F27: =+Dulieu!F17 -> 11368.76 | G27: =+Dulieu!G17 -> 12217.6 | H27: =+Dulieu!H17 -> 12528.62 | I27: =+Dulieu!I17 -> 20355.06 | J27: =+Dulieu!J17 -> 8562.88 | K27: =+Dulieu!K17 -> 14963.81 | ... Y27: =+Dulieu!Y17 -> 7871.54
B28: So với đầu tháng | C28: =SUM(D28:Y28) -> -9569.08 | D28: =+D27-VLOOKUP(Dulieu!$C$17&"_PRE_M",Dulieu!$C$88:$N$400,2,FALSE) -> 29.33 | E28: =+E27-VLOOKUP(Dulieu!$C$17&"_PRE_M",Dulieu!$C$88:$N$400,3,FALSE) -> -644.75 | F28: =+F27-VLOOKUP(Dulieu!$C$17&"_PRE_M",Dulieu!$C$88:$N$400,4,FALSE) -> 117.85 | G28: =+G27-VLOOKUP(Dulieu!$C$17&"_PRE_M",Dulieu!$C$88:$N$400,5,FALSE) -> 185.26 | H28: =+H27-VLOOKUP(Dulieu!$C$17&"_PRE_M",Dulieu!$C$88:$N$400,6,FALSE) -> 100.34 | I28: =+I27-VLOOKUP(Dulieu!$C$17&"_PRE_M",Dulieu!$C$88:$N$400,7,FALSE) -> 56.35 | J28: =+J27-VLOOKUP(Dulieu!$C$17&"_PRE_M",Dulieu!$C$88:$N$400,8,FALSE) -> -2109.28 | K28: =+K27-VLOOKUP(Dulieu!$C$17&"_PRE_M",Dulieu!$C$88:$N$400,9,FALSE) -> 593.31 | L28: =+L27-VLOOKUP(Dulieu!$C$17&"_PRE_M",Dulieu!$C$88:$N$400,10,FALSE) -> 9.14 | M28: =+M27-VLOOKUP(Dulieu!$C$17&"_PRE_M",Dulieu!$C$88:$N$400,11,FALSE) -> -159.28 | N28: =+N27-VLOOKUP(Dulieu!$C$17&"_PRE_M",Dulieu!$C$88:$N$400,12,FALSE) -> 773.56 | O28: =+O27-VLOOKUP(Dulieu!$C$17&"_PRE_M",Dulieu!$C$88:$Y$400,13,FALSE) -> -2715.97 | P28: =+P27-VLOOKUP(Dulieu!$C$17&"_PRE_M",Dulieu!$C$88:$Y$400,14,FALSE) -> -2438.54 | Q28: =+Q27-VLOOKUP(Dulieu!$C$17&"_PRE_M",Dulieu!$C$88:$Y$400,15,FALSE) -> -376.85 | R28: =+R27-VLOOKUP(Dulieu!$C$17&"_PRE_M",Dulieu!$C$88:$Y$400,16,FALSE) -> -459.1 | S28: =+S27-VLOOKUP(Dulieu!$C$17&"_PRE_M",Dulieu!$C$88:$Y$400,17,FALSE) -> -279.94 | T28: =+T27-VLOOKUP(Dulieu!$C$17&"_PRE_M",Dulieu!$C$88:$Y$400,18,FALSE) -> 199 | U28: =+U27-VLOOKUP(Dulieu!$C$17&"_PRE_M",Dulieu!$C$88:$Y$400,19,FALSE) -> -1455.23 | V28: =+V27-VLOOKUP(Dulieu!$C$17&"_PRE_M",Dulieu!$C$88:$Y$400,20,FALSE) -> 30.48 | W28: =+W27-VLOOKUP(Dulieu!$C$17&"_PRE_M",Dulieu!$C$88:$Y$400,21,FALSE) -> -296.1 | X28: =+X27-VLOOKUP(Dulieu!$C$17&"_PRE_M",Dulieu!$C$88:$Y$400,22,FALSE) -> -492.75 | Y28: =+Y27-VLOOKUP(Dulieu!$C$17&"_PRE_M",Dulieu!$C$88:$Y$400,23,FALSE) -> -235.91
B29: So với đầu năm | C29: =SUM(D29:Y29) -> -9900.1 | D29: =+D27-VLOOKUP(Dulieu!$C$17&"_PRE_Y",Dulieu!$C$88:$N$400,2,FALSE) -> -1135.66 | E29: =+E27-VLOOKUP(Dulieu!$C$17&"_PRE_Y",Dulieu!$C$88:$N$400,3,FALSE) -> -988.77 | F29: =+F27-VLOOKUP(Dulieu!$C$17&"_PRE_Y",Dulieu!$C$88:$N$400,4,FALSE) -> -660.55 | G29: =+G27-VLOOKUP(Dulieu!$C$17&"_PRE_Y",Dulieu!$C$88:$N$400,5,FALSE) -> -2851.12 | H29: =+H27-VLOOKUP(Dulieu!$C$17&"_PRE_Y",Dulieu!$C$88:$N$400,6,FALSE) -> -889.43 | I29: =+I27-VLOOKUP(Dulieu!$C$17&"_PRE_Y",Dulieu!$C$88:$N$400,7,FALSE) -> -1750.76 | J29: =+J27-VLOOKUP(Dulieu!$C$17&"_PRE_Y",Dulieu!$C$88:$N$400,8,FALSE) -> -2452.19 | K29: =+K27-VLOOKUP(Dulieu!$C$17&"_PRE_Y",Dulieu!$C$88:$N$400,9,FALSE) -> 3346.55 | L29: =+L27-VLOOKUP(Dulieu!$C$17&"_PRE_Y",Dulieu!$C$88:$N$400,10,FALSE) -> 1803.26 | M29: =+M27-VLOOKUP(Dulieu!$C$17&"_PRE_Y",Dulieu!$C$88:$N$400,11,FALSE) -> -4489 | N29: =+N27-VLOOKUP(Dulieu!$C$17&"_PRE_Y",Dulieu!$C$88:$N$400,12,FALSE) -> 7259.36 | O29: =+O27-VLOOKUP(Dulieu!$C$17&"_PRE_Y",Dulieu!$C$88:$Y$400,13,FALSE) -> -1074.91 | P29: =+P27-VLOOKUP(Dulieu!$C$17&"_PRE_Y",Dulieu!$C$88:$Y$400,14,FALSE) -> 592.7 | Q29: =+Q27-VLOOKUP(Dulieu!$C$17&"_PRE_Y",Dulieu!$C$88:$Y$400,15,FALSE) -> 1002.12 | R29: =+R27-VLOOKUP(Dulieu!$C$17&"_PRE_Y",Dulieu!$C$88:$Y$400,16,FALSE) -> -2870.63 | S29: =+S27-VLOOKUP(Dulieu!$C$17&"_PRE_Y",Dulieu!$C$88:$Y$400,17,FALSE) -> -652.02 | T29: =+T27-VLOOKUP(Dulieu!$C$17&"_PRE_Y",Dulieu!$C$88:$Y$400,18,FALSE) -> -460.81 | U29: =+U27-VLOOKUP(Dulieu!$C$17&"_PRE_Y",Dulieu!$C$88:$Y$400,19,FALSE) -> -4753.1 | V29: =+V27-VLOOKUP(Dulieu!$C$17&"_PRE_Y",Dulieu!$C$88:$Y$400,20,FALSE) -> 254.42 | W29: =+W27-VLOOKUP(Dulieu!$C$17&"_PRE_Y",Dulieu!$C$88:$Y$400,21,FALSE) -> 1980.55 | X29: =+X27-VLOOKUP(Dulieu!$C$17&"_PRE_Y",Dulieu!$C$88:$Y$400,22,FALSE) -> 188.17 | Y29: =+Y27-VLOOKUP(Dulieu!$C$17&"_PRE_Y",Dulieu!$C$88:$Y$400,23,FALSE) -> -1298.28
A30: 2.3. | B30: Huy động tiết kiệm tại ĐGDX | C30: =SUM(D30:Y30) -> 74070.79 | D30: =+Dulieu!D18 -> 4329.92 | E30: =+Dulieu!E18 -> 1109.91 | F30: =+Dulieu!F18 -> 5785.76 | G30: =+Dulieu!G18 -> 3668.97 | H30: =+Dulieu!H18 -> 6580.87 | I30: =+Dulieu!I18 -> 10155.48 | J30: =+Dulieu!J18 -> 8003.63 | K30: =+Dulieu!K18 -> 2295.47 | ... Y30: =+Dulieu!Y18 -> 3142.41
B31: So với đầu tháng | C31: =SUM(D31:Y31) -> 190.18 | D31: =+D30-VLOOKUP(Dulieu!$C$18&"_PRE_M",Dulieu!$C$88:$N$400,2,FALSE) -> 1.46 | E31: =+E30-VLOOKUP(Dulieu!$C$18&"_PRE_M",Dulieu!$C$88:$N$400,3,FALSE) -> -182.82 | F31: =+F30-VLOOKUP(Dulieu!$C$18&"_PRE_M",Dulieu!$C$88:$N$400,4,FALSE) -> -89.02 | G31: =+G30-VLOOKUP(Dulieu!$C$18&"_PRE_M",Dulieu!$C$88:$N$400,5,FALSE) -> 518.22 | H31: =+H30-VLOOKUP(Dulieu!$C$18&"_PRE_M",Dulieu!$C$88:$N$400,6,FALSE) -> -165.11 | I31: =+I30-VLOOKUP(Dulieu!$C$18&"_PRE_M",Dulieu!$C$88:$N$400,7,FALSE) -> -92.61 | J31: =+J30-VLOOKUP(Dulieu!$C$18&"_PRE_M",Dulieu!$C$88:$N$400,8,FALSE) -> 12.65 | K31: =+K30-VLOOKUP(Dulieu!$C$18&"_PRE_M",Dulieu!$C$88:$N$400,9,FALSE) -> -30.79 | L31: =+L30-VLOOKUP(Dulieu!$C$18&"_PRE_M",Dulieu!$C$88:$N$400,10,FALSE) -> 88.09 | M31: =+M30-VLOOKUP(Dulieu!$C$18&"_PRE_M",Dulieu!$C$88:$N$400,11,FALSE) -> -157.27 | N31: =+N30-VLOOKUP(Dulieu!$C$18&"_PRE_M",Dulieu!$C$88:$N$400,12,FALSE) -> 245.72 | O31: =+O30-VLOOKUP(Dulieu!$C$18&"_PRE_M",Dulieu!$C$88:$Y$400,13,FALSE) -> 0.01 | P31: =+P30-VLOOKUP(Dulieu!$C$18&"_PRE_M",Dulieu!$C$88:$Y$400,14,FALSE) -> 934.65 | Q31: =+Q30-VLOOKUP(Dulieu!$C$18&"_PRE_M",Dulieu!$C$88:$Y$400,15,FALSE) -> 0 | R31: =+R30-VLOOKUP(Dulieu!$C$18&"_PRE_M",Dulieu!$C$88:$Y$400,16,FALSE) -> -340.95 | S31: =+S30-VLOOKUP(Dulieu!$C$18&"_PRE_M",Dulieu!$C$88:$Y$400,17,FALSE) -> -1803.8 | T31: =+T30-VLOOKUP(Dulieu!$C$18&"_PRE_M",Dulieu!$C$88:$Y$400,18,FALSE) -> 135.96 | U31: =+U30-VLOOKUP(Dulieu!$C$18&"_PRE_M",Dulieu!$C$88:$Y$400,19,FALSE) -> 100.05 | V31: =+V30-VLOOKUP(Dulieu!$C$18&"_PRE_M",Dulieu!$C$88:$Y$400,20,FALSE) -> -7.02 | W31: =+W30-VLOOKUP(Dulieu!$C$18&"_PRE_M",Dulieu!$C$88:$Y$400,21,FALSE) -> 505.06 | X31: =+X30-VLOOKUP(Dulieu!$C$18&"_PRE_M",Dulieu!$C$88:$Y$400,22,FALSE) -> 341.12 | Y31: =+Y30-VLOOKUP(Dulieu!$C$18&"_PRE_M",Dulieu!$C$88:$Y$400,23,FALSE) -> 176.58
B32: So với đầu năm | C32: =SUM(D32:Y32) -> -14368.44 | D32: =+D30-VLOOKUP(Dulieu!$C$18&"_PRE_Y",Dulieu!$C$88:$N$400,2,FALSE) -> -353.44 | E32: =+E30-VLOOKUP(Dulieu!$C$18&"_PRE_Y",Dulieu!$C$88:$N$400,3,FALSE) -> -965.67 | F32: =+F30-VLOOKUP(Dulieu!$C$18&"_PRE_Y",Dulieu!$C$88:$N$400,4,FALSE) -> 5.18 | G32: =+G30-VLOOKUP(Dulieu!$C$18&"_PRE_Y",Dulieu!$C$88:$N$400,5,FALSE) -> 632.08 | H32: =+H30-VLOOKUP(Dulieu!$C$18&"_PRE_Y",Dulieu!$C$88:$N$400,6,FALSE) -> -1865.18 | I32: =+I30-VLOOKUP(Dulieu!$C$18&"_PRE_Y",Dulieu!$C$88:$N$400,7,FALSE) -> -614.5 | J32: =+J30-VLOOKUP(Dulieu!$C$18&"_PRE_Y",Dulieu!$C$88:$N$400,8,FALSE) -> -1001.92 | K32: =+K30-VLOOKUP(Dulieu!$C$18&"_PRE_Y",Dulieu!$C$88:$N$400,9,FALSE) -> -1383.74 | L32: =+L30-VLOOKUP(Dulieu!$C$18&"_PRE_Y",Dulieu!$C$88:$N$400,10,FALSE) -> -519.78 | M32: =+M30-VLOOKUP(Dulieu!$C$18&"_PRE_Y",Dulieu!$C$88:$N$400,11,FALSE) -> -1163.9 | N32: =+N30-VLOOKUP(Dulieu!$C$18&"_PRE_Y",Dulieu!$C$88:$N$400,12,FALSE) -> -1596.02 | O32: =+O30-VLOOKUP(Dulieu!$C$18&"_PRE_Y",Dulieu!$C$88:$Y$400,13,FALSE) -> -2105.72 | P32: =+P30-VLOOKUP(Dulieu!$C$18&"_PRE_Y",Dulieu!$C$88:$Y$400,14,FALSE) -> 564.71 | Q32: =+Q30-VLOOKUP(Dulieu!$C$18&"_PRE_Y",Dulieu!$C$88:$Y$400,15,FALSE) -> 0 | R32: =+R30-VLOOKUP(Dulieu!$C$18&"_PRE_Y",Dulieu!$C$88:$Y$400,16,FALSE) -> 217.33 | S32: =+S30-VLOOKUP(Dulieu!$C$18&"_PRE_Y",Dulieu!$C$88:$Y$400,17,FALSE) -> -2907.04 | T32: =+T30-VLOOKUP(Dulieu!$C$18&"_PRE_Y",Dulieu!$C$88:$Y$400,18,FALSE) -> -1135.28 | U32: =+U30-VLOOKUP(Dulieu!$C$18&"_PRE_Y",Dulieu!$C$88:$Y$400,19,FALSE) -> -14.84 | V32: =+V30-VLOOKUP(Dulieu!$C$18&"_PRE_Y",Dulieu!$C$88:$Y$400,20,FALSE) -> -380.96 | W32: =+W30-VLOOKUP(Dulieu!$C$18&"_PRE_Y",Dulieu!$C$88:$Y$400,21,FALSE) -> 891.83 | X32: =+X30-VLOOKUP(Dulieu!$C$18&"_PRE_Y",Dulieu!$C$88:$Y$400,22,FALSE) -> -229.37 | Y32: =+Y30-VLOOKUP(Dulieu!$C$18&"_PRE_Y",Dulieu!$C$88:$Y$400,23,FALSE) -> -442.21
A33: 2.4. | B33: Tiền gửi Tổ viên Tổ TKVV | C33: =SUM(D33:Y33) -> 1004546.4 | D33: =+Dulieu!D19 -> 81189.51 | E33: =+Dulieu!E19 -> 58361.18 | F33: =+Dulieu!F19 -> 71387.35 | G33: =+Dulieu!G19 -> 54342.05 | H33: =+Dulieu!H19 -> 54398.48 | I33: =+Dulieu!I19 -> 23574.69 | J33: =+Dulieu!J19 -> 48324.9 | K33: =+Dulieu!K19 -> 54365.95 | ... Y33: =+Dulieu!Y19 -> 30250.51
B34: So với đầu tháng | C34: =SUM(D34:Y34) -> -22861.61 | D34: =+D33-VLOOKUP(Dulieu!$C$19&"_PRE_M",Dulieu!$C$88:$N$400,2,FALSE) -> -4596.26 | E34: =+E33-VLOOKUP(Dulieu!$C$19&"_PRE_M",Dulieu!$C$88:$N$400,3,FALSE) -> -19.6 | F34: =+F33-VLOOKUP(Dulieu!$C$19&"_PRE_M",Dulieu!$C$88:$N$400,4,FALSE) -> 253.02 | G34: =+G33-VLOOKUP(Dulieu!$C$19&"_PRE_M",Dulieu!$C$88:$N$400,5,FALSE) -> -4774.19 | H34: =+H33-VLOOKUP(Dulieu!$C$19&"_PRE_M",Dulieu!$C$88:$N$400,6,FALSE) -> -4467.04 | I34: =+I33-VLOOKUP(Dulieu!$C$19&"_PRE_M",Dulieu!$C$88:$N$400,7,FALSE) -> -149.95 | J34: =+J33-VLOOKUP(Dulieu!$C$19&"_PRE_M",Dulieu!$C$88:$N$400,8,FALSE) -> -1640.07 | K34: =+K33-VLOOKUP(Dulieu!$C$19&"_PRE_M",Dulieu!$C$88:$N$400,9,FALSE) -> -1035.49 | L34: =+L33-VLOOKUP(Dulieu!$C$19&"_PRE_M",Dulieu!$C$88:$N$400,10,FALSE) -> -3870.32 | M34: =+M33-VLOOKUP(Dulieu!$C$19&"_PRE_M",Dulieu!$C$88:$N$400,11,FALSE) -> -1539.74 | N34: =+N33-VLOOKUP(Dulieu!$C$19&"_PRE_M",Dulieu!$C$88:$N$400,12,FALSE) -> 2279.43 | O34: =+O33-VLOOKUP(Dulieu!$C$19&"_PRE_M",Dulieu!$C$88:$Y$400,13,FALSE) -> 1307.8 | P34: =+P33-VLOOKUP(Dulieu!$C$19&"_PRE_M",Dulieu!$C$88:$Y$400,14,FALSE) -> 483.94 | Q34: =+Q33-VLOOKUP(Dulieu!$C$19&"_PRE_M",Dulieu!$C$88:$Y$400,15,FALSE) -> 297.8 | R34: =+R33-VLOOKUP(Dulieu!$C$19&"_PRE_M",Dulieu!$C$88:$Y$400,16,FALSE) -> 1171.06 | S34: =+S33-VLOOKUP(Dulieu!$C$19&"_PRE_M",Dulieu!$C$88:$Y$400,17,FALSE) -> 702.62 | T34: =+T33-VLOOKUP(Dulieu!$C$19&"_PRE_M",Dulieu!$C$88:$Y$400,18,FALSE) -> -2264.25 | U34: =+U33-VLOOKUP(Dulieu!$C$19&"_PRE_M",Dulieu!$C$88:$Y$400,19,FALSE) -> 403.14 | V34: =+V33-VLOOKUP(Dulieu!$C$19&"_PRE_M",Dulieu!$C$88:$Y$400,20,FALSE) -> 787.74 | W34: =+W33-VLOOKUP(Dulieu!$C$19&"_PRE_M",Dulieu!$C$88:$Y$400,21,FALSE) -> -2235.81 | X34: =+X33-VLOOKUP(Dulieu!$C$19&"_PRE_M",Dulieu!$C$88:$Y$400,22,FALSE) -> -1812.31 | Y34: =+Y33-VLOOKUP(Dulieu!$C$19&"_PRE_M",Dulieu!$C$88:$Y$400,23,FALSE) -> -2143.13
B35: So với đầu năm | C35: =SUM(D35:Y35) -> 126799.6 | D35: =+D33-VLOOKUP(Dulieu!$C$19&"_PRE_Y",Dulieu!$C$88:$N$400,2,FALSE) -> 14765.48 | E35: =+E33-VLOOKUP(Dulieu!$C$19&"_PRE_Y",Dulieu!$C$88:$N$400,3,FALSE) -> 537.12 | F35: =+F33-VLOOKUP(Dulieu!$C$19&"_PRE_Y",Dulieu!$C$88:$N$400,4,FALSE) -> 12214.69 | G35: =+G33-VLOOKUP(Dulieu!$C$19&"_PRE_Y",Dulieu!$C$88:$N$400,5,FALSE) -> 2799.57 | H35: =+H33-VLOOKUP(Dulieu!$C$19&"_PRE_Y",Dulieu!$C$88:$N$400,6,FALSE) -> 1880.39 | I35: =+I33-VLOOKUP(Dulieu!$C$19&"_PRE_Y",Dulieu!$C$88:$N$400,7,FALSE) -> 195.67 | J35: =+J33-VLOOKUP(Dulieu!$C$19&"_PRE_Y",Dulieu!$C$88:$N$400,8,FALSE) -> 6773.26 | K35: =+K33-VLOOKUP(Dulieu!$C$19&"_PRE_Y",Dulieu!$C$88:$N$400,9,FALSE) -> 4703.18 | L35: =+L33-VLOOKUP(Dulieu!$C$19&"_PRE_Y",Dulieu!$C$88:$N$400,10,FALSE) -> 7901.77 | M35: =+M33-VLOOKUP(Dulieu!$C$19&"_PRE_Y",Dulieu!$C$88:$N$400,11,FALSE) -> 3318.02 | N35: =+N33-VLOOKUP(Dulieu!$C$19&"_PRE_Y",Dulieu!$C$88:$N$400,12,FALSE) -> 14271.45 | O35: =+O33-VLOOKUP(Dulieu!$C$19&"_PRE_Y",Dulieu!$C$88:$Y$400,13,FALSE) -> 8053.36 | P35: =+P33-VLOOKUP(Dulieu!$C$19&"_PRE_Y",Dulieu!$C$88:$Y$400,14,FALSE) -> 7270.41 | Q35: =+Q33-VLOOKUP(Dulieu!$C$19&"_PRE_Y",Dulieu!$C$88:$Y$400,15,FALSE) -> 3202.42 | R35: =+R33-VLOOKUP(Dulieu!$C$19&"_PRE_Y",Dulieu!$C$88:$Y$400,16,FALSE) -> 6619.33 | S35: =+S33-VLOOKUP(Dulieu!$C$19&"_PRE_Y",Dulieu!$C$88:$Y$400,17,FALSE) -> 6066.96 | T35: =+T33-VLOOKUP(Dulieu!$C$19&"_PRE_Y",Dulieu!$C$88:$Y$400,18,FALSE) -> 6712.03 | U35: =+U33-VLOOKUP(Dulieu!$C$19&"_PRE_Y",Dulieu!$C$88:$Y$400,19,FALSE) -> 5379.64 | V35: =+V33-VLOOKUP(Dulieu!$C$19&"_PRE_Y",Dulieu!$C$88:$Y$400,20,FALSE) -> 4072.42 | W35: =+W33-VLOOKUP(Dulieu!$C$19&"_PRE_Y",Dulieu!$C$88:$Y$400,21,FALSE) -> 4501.37 | X35: =+X33-VLOOKUP(Dulieu!$C$19&"_PRE_Y",Dulieu!$C$88:$Y$400,22,FALSE) -> 2493.88 | Y35: =+Y33-VLOOKUP(Dulieu!$C$19&"_PRE_Y",Dulieu!$C$88:$Y$400,23,FALSE) -> 3067.18
A36: II | B36: Vốn nhận UT địa phương | C36: =SUM(D36:Y36) -> 476654 | D36: =+Dulieu!D20 -> 21764 | E36: =+Dulieu!E20 -> 29018 | F36: =+Dulieu!F20 -> 40338 | G36: =+Dulieu!G20 -> 34307 | H36: =+Dulieu!H20 -> 46743 | I36: =+Dulieu!I20 -> 48235 | J36: =+Dulieu!J20 -> 74013 | K36: =+Dulieu!K20 -> 69367 | ... Y36: =+Dulieu!Y20 -> 100
B37: So với đầu tháng | C37: =+C41+C44 -> 0 | D37: =+D41+D44 -> 0 | E37: =+E41+E44 -> 0 | F37: =+F41+F44 -> 0 | G37: =+G41+G44 -> 0 | H37: =+H41+H44 -> 0 | I37: =+I41+I44 -> 0 | J37: =+J41+J44 -> 0 | ... Y37: =+Y41+Y44 -> 0
B38: So với đầu năm | C38: =+C42+C45 -> #N/A | D38: =+D42+D45 -> #N/A | E38: =+E42+E45 -> #N/A | F38: =+F42+F45 -> #N/A | G38: =+G42+G45 -> #N/A | H38: =+H42+H45 -> #N/A | I38: =+I42+I45 -> #N/A | J38: =+J42+J45 -> #N/A | ... Y38: =+Y42+Y45 -> #N/A
B39: Tỷ trọng trên tổng nguồn | C39: =+C36/C8 -> 0.036117006 | D39: =+Dulieu!D21 -> 0.029971309 | E39: =+Dulieu!E21 -> 0.050203536 | F39: =+Dulieu!F21 -> 0.064750036 | G39: =+Dulieu!G21 -> 0.045499856 | H39: =+Dulieu!H21 -> 0.063566762 | I39: =+Dulieu!I21 -> 0.079578154 | J39: =+Dulieu!J21 -> 0.1147834 | K39: =+Dulieu!K21 -> 0.09691476 | ... Y39: =+Dulieu!Y21 -> 0.00019284906
A40: 1 | B40: Vốn ngân sách tỉnh | C40: =SUM(D40:Y40) -> 476654 | D40: =+Dulieu!D22 -> 21764 | E40: =+Dulieu!E22 -> 29018 | F40: =+Dulieu!F22 -> 40338 | G40: =+Dulieu!G22 -> 34307 | H40: =+Dulieu!H22 -> 46743 | I40: =+Dulieu!I22 -> 48235 | J40: =+Dulieu!J22 -> 74013 | K40: =+Dulieu!K22 -> 69367 | ... Y40: =+Dulieu!Y22 -> 100
B41: So với đầu tháng | C41: =SUM(D41:Y41) -> 0 | D41: =+D40-VLOOKUP(Dulieu!$C$22&"_PRE_M",Dulieu!$C$88:$N$400,2,FALSE) -> 0 | E41: =+E40-VLOOKUP(Dulieu!$C$22&"_PRE_M",Dulieu!$C$88:$N$400,3,FALSE) -> 0 | F41: =+F40-VLOOKUP(Dulieu!$C$22&"_PRE_M",Dulieu!$C$88:$N$400,4,FALSE) -> 0 | G41: =+G40-VLOOKUP(Dulieu!$C$22&"_PRE_M",Dulieu!$C$88:$N$400,5,FALSE) -> 0 | H41: =+H40-VLOOKUP(Dulieu!$C$22&"_PRE_M",Dulieu!$C$88:$N$400,6,FALSE) -> 0 | I41: =+I40-VLOOKUP(Dulieu!$C$22&"_PRE_M",Dulieu!$C$88:$N$400,7,FALSE) -> 0 | J41: =+J40-VLOOKUP(Dulieu!$C$22&"_PRE_M",Dulieu!$C$88:$N$400,8,FALSE) -> 0 | K41: =+K40-VLOOKUP(Dulieu!$C$22&"_PRE_M",Dulieu!$C$88:$N$400,9,FALSE) -> 0 | L41: =+L40-VLOOKUP(Dulieu!$C$22&"_PRE_M",Dulieu!$C$88:$N$400,10,FALSE) -> 0 | M41: =+M40-VLOOKUP(Dulieu!$C$22&"_PRE_M",Dulieu!$C$88:$N$400,11,FALSE) -> 0 | N41: =+N40-VLOOKUP(Dulieu!$C$22&"_PRE_M",Dulieu!$C$88:$N$400,12,FALSE) -> 0 | O41: =+O40-VLOOKUP(Dulieu!$C$22&"_PRE_M",Dulieu!$C$88:$Y$400,13,FALSE) -> 0 | P41: =+P40-VLOOKUP(Dulieu!$C$22&"_PRE_M",Dulieu!$C$88:$Y$400,14,FALSE) -> 0 | Q41: =+Q40-VLOOKUP(Dulieu!$C$22&"_PRE_M",Dulieu!$C$88:$Y$400,15,FALSE) -> 0 | R41: =+R40-VLOOKUP(Dulieu!$C$22&"_PRE_M",Dulieu!$C$88:$Y$400,16,FALSE) -> 0 | S41: =+S40-VLOOKUP(Dulieu!$C$22&"_PRE_M",Dulieu!$C$88:$Y$400,17,FALSE) -> 0 | T41: =+T40-VLOOKUP(Dulieu!$C$22&"_PRE_M",Dulieu!$C$88:$Y$400,18,FALSE) -> 0 | U41: =+U40-VLOOKUP(Dulieu!$C$22&"_PRE_M",Dulieu!$C$88:$Y$400,19,FALSE) -> 0 | V41: =+V40-VLOOKUP(Dulieu!$C$22&"_PRE_M",Dulieu!$C$88:$Y$400,20,FALSE) -> 0 | W41: =+W40-VLOOKUP(Dulieu!$C$22&"_PRE_M",Dulieu!$C$88:$Y$400,21,FALSE) -> 0 | X41: =+X40-VLOOKUP(Dulieu!$C$22&"_PRE_M",Dulieu!$C$88:$Y$400,22,FALSE) -> 0 | Y41: =+Y40-VLOOKUP(Dulieu!$C$22&"_PRE_M",Dulieu!$C$88:$Y$400,23,FALSE) -> 0
B42: So với đầu năm | C42: =SUM(D42:Y42) -> 0 | D42: =+D40-VLOOKUP(Dulieu!$C$22&"_PRE_Y",Dulieu!$C$88:$N$400,2,FALSE) -> 0 | E42: =+E40-VLOOKUP(Dulieu!$C$22&"_PRE_Y",Dulieu!$C$88:$N$400,3,FALSE) -> 0 | F42: =+F40-VLOOKUP(Dulieu!$C$22&"_PRE_Y",Dulieu!$C$88:$N$400,4,FALSE) -> 0 | G42: =+G40-VLOOKUP(Dulieu!$C$22&"_PRE_Y",Dulieu!$C$88:$N$400,5,FALSE) -> 0 | H42: =+H40-VLOOKUP(Dulieu!$C$22&"_PRE_Y",Dulieu!$C$88:$N$400,6,FALSE) -> 0 | I42: =+I40-VLOOKUP(Dulieu!$C$22&"_PRE_Y",Dulieu!$C$88:$N$400,7,FALSE) -> 0 | J42: =+J40-VLOOKUP(Dulieu!$C$22&"_PRE_Y",Dulieu!$C$88:$N$400,8,FALSE) -> 0 | K42: =+K40-VLOOKUP(Dulieu!$C$22&"_PRE_Y",Dulieu!$C$88:$N$400,9,FALSE) -> 0 | L42: =+L40-VLOOKUP(Dulieu!$C$22&"_PRE_Y",Dulieu!$C$88:$N$400,10,FALSE) -> 0 | M42: =+M40-VLOOKUP(Dulieu!$C$22&"_PRE_Y",Dulieu!$C$88:$N$400,11,FALSE) -> 0 | N42: =+N40-VLOOKUP(Dulieu!$C$22&"_PRE_Y",Dulieu!$C$88:$N$400,12,FALSE) -> 0 | O42: =+O40-VLOOKUP(Dulieu!$C$22&"_PRE_Y",Dulieu!$C$88:$Y$400,13,FALSE) -> 0 | P42: =+P40-VLOOKUP(Dulieu!$C$22&"_PRE_Y",Dulieu!$C$88:$Y$400,14,FALSE) -> 0 | Q42: =+Q40-VLOOKUP(Dulieu!$C$22&"_PRE_Y",Dulieu!$C$88:$Y$400,15,FALSE) -> 0 | R42: =+R40-VLOOKUP(Dulieu!$C$22&"_PRE_Y",Dulieu!$C$88:$Y$400,16,FALSE) -> 0 | S42: =+S40-VLOOKUP(Dulieu!$C$22&"_PRE_Y",Dulieu!$C$88:$Y$400,17,FALSE) -> 0 | T42: =+T40-VLOOKUP(Dulieu!$C$22&"_PRE_Y",Dulieu!$C$88:$Y$400,18,FALSE) -> 0 | U42: =+U40-VLOOKUP(Dulieu!$C$22&"_PRE_Y",Dulieu!$C$88:$Y$400,19,FALSE) -> 0 | V42: =+V40-VLOOKUP(Dulieu!$C$22&"_PRE_Y",Dulieu!$C$88:$Y$400,20,FALSE) -> 0 | W42: =+W40-VLOOKUP(Dulieu!$C$22&"_PRE_Y",Dulieu!$C$88:$Y$400,21,FALSE) -> 0 | X42: =+X40-VLOOKUP(Dulieu!$C$22&"_PRE_Y",Dulieu!$C$88:$Y$400,22,FALSE) -> 0 | Y42: =+Y40-VLOOKUP(Dulieu!$C$22&"_PRE_Y",Dulieu!$C$88:$Y$400,23,FALSE) -> 0
A43: 2 | B43: Vốn ngân sách huyện | C43: =SUM(D43:Y43) -> 0 | D43: =+Dulieu!D23 -> 0 | E43: =+Dulieu!E23 -> 0 | F43: =+Dulieu!F23 -> 0 | G43: =+Dulieu!G23 -> 0 | H43: =+Dulieu!H23 -> 0 | I43: =+Dulieu!I23 -> 0 | J43: =+Dulieu!J23 -> 0 | K43: =+Dulieu!K23 -> 0 | ... Y43: =+Dulieu!Y23 -> 0
B44: So với đầu tháng | C44: =SUM(D44:Y44) -> 0 | D44: =+D43-IFERROR(VLOOKUP(Dulieu!$C$23&"_PRE_M",Dulieu!$C$88:$N$400,2,FALSE),0) -> 0 | E44: =+E43-IFERROR(VLOOKUP(Dulieu!$C$23&"_PRE_M",Dulieu!$C$88:$N$400,3,FALSE),0) -> 0 | F44: =+F43-IFERROR(VLOOKUP(Dulieu!$C$23&"_PRE_M",Dulieu!$C$88:$N$400,4,FALSE),0) -> 0 | G44: =+G43-IFERROR(VLOOKUP(Dulieu!$C$23&"_PRE_M",Dulieu!$C$88:$N$400,5,FALSE),0) -> 0 | H44: =+H43-IFERROR(VLOOKUP(Dulieu!$C$23&"_PRE_M",Dulieu!$C$88:$N$400,6,FALSE),0) -> 0 | I44: =+I43-IFERROR(VLOOKUP(Dulieu!$C$23&"_PRE_M",Dulieu!$C$88:$N$400,7,FALSE),0) -> 0 | J44: =+J43-IFERROR(VLOOKUP(Dulieu!$C$23&"_PRE_M",Dulieu!$C$88:$N$400,8,FALSE),0) -> 0 | K44: =+K43-IFERROR(VLOOKUP(Dulieu!$C$23&"_PRE_M",Dulieu!$C$88:$N$400,9,FALSE),0) -> 0 | L44: =+L43-IFERROR(VLOOKUP(Dulieu!$C$23&"_PRE_M",Dulieu!$C$88:$N$400,10,FALSE),0) -> 0 | M44: =+M43-IFERROR(VLOOKUP(Dulieu!$C$23&"_PRE_M",Dulieu!$C$88:$N$400,11,FALSE),0) -> 0 | N44: =+N43-IFERROR(VLOOKUP(Dulieu!$C$23&"_PRE_M",Dulieu!$C$88:$N$400,12,FALSE),0) -> 0 | O44: =+O43-IFERROR(VLOOKUP(Dulieu!$C$23&"_PRE_M",Dulieu!$C$88:$Y$400,13,FALSE),0) -> 0 | P44: =+P43-IFERROR(VLOOKUP(Dulieu!$C$23&"_PRE_M",Dulieu!$C$88:$Y$400,14,FALSE),0) -> 0 | Q44: =+Q43-IFERROR(VLOOKUP(Dulieu!$C$23&"_PRE_M",Dulieu!$C$88:$Y$400,15,FALSE),0) -> 0 | R44: =+R43-IFERROR(VLOOKUP(Dulieu!$C$23&"_PRE_M",Dulieu!$C$88:$Y$400,16,FALSE),0) -> 0 | S44: =+S43-IFERROR(VLOOKUP(Dulieu!$C$23&"_PRE_M",Dulieu!$C$88:$Y$400,17,FALSE),0) -> 0 | T44: =+T43-IFERROR(VLOOKUP(Dulieu!$C$23&"_PRE_M",Dulieu!$C$88:$Y$400,18,FALSE),0) -> 0 | U44: =+U43-IFERROR(VLOOKUP(Dulieu!$C$23&"_PRE_M",Dulieu!$C$88:$Y$400,19,FALSE),0) -> 0 | V44: =+V43-IFERROR(VLOOKUP(Dulieu!$C$23&"_PRE_M",Dulieu!$C$88:$Y$400,20,FALSE),0) -> 0 | W44: =+W43-IFERROR(VLOOKUP(Dulieu!$C$23&"_PRE_M",Dulieu!$C$88:$Y$400,21,FALSE),0) -> 0 | X44: =+X43-IFERROR(VLOOKUP(Dulieu!$C$23&"_PRE_M",Dulieu!$C$88:$Y$400,22,FALSE),0) -> 0 | Y44: =+Y43-IFERROR(VLOOKUP(Dulieu!$C$23&"_PRE_M",Dulieu!$C$88:$Y$400,23,FALSE),0) -> 0
B45: So với đầu năm | C45: =SUM(D45:Y45) -> #N/A | D45: =+D43-VLOOKUP(Dulieu!$C$23&"_PRE_Y",Dulieu!$C$88:$N$400,2,FALSE) -> #N/A | E45: =+E43-VLOOKUP(Dulieu!$C$23&"_PRE_Y",Dulieu!$C$88:$N$400,3,FALSE) -> #N/A | F45: =+F43-VLOOKUP(Dulieu!$C$23&"_PRE_Y",Dulieu!$C$88:$N$400,4,FALSE) -> #N/A | G45: =+G43-VLOOKUP(Dulieu!$C$23&"_PRE_Y",Dulieu!$C$88:$N$400,5,FALSE) -> #N/A | H45: =+H43-VLOOKUP(Dulieu!$C$23&"_PRE_Y",Dulieu!$C$88:$N$400,6,FALSE) -> #N/A | I45: =+I43-VLOOKUP(Dulieu!$C$23&"_PRE_Y",Dulieu!$C$88:$N$400,7,FALSE) -> #N/A | J45: =+J43-VLOOKUP(Dulieu!$C$23&"_PRE_Y",Dulieu!$C$88:$N$400,8,FALSE) -> #N/A | K45: =+K43-VLOOKUP(Dulieu!$C$23&"_PRE_Y",Dulieu!$C$88:$N$400,9,FALSE) -> #N/A | L45: =+L43-VLOOKUP(Dulieu!$C$23&"_PRE_Y",Dulieu!$C$88:$N$400,10,FALSE) -> #N/A | M45: =+M43-VLOOKUP(Dulieu!$C$23&"_PRE_Y",Dulieu!$C$88:$N$400,11,FALSE) -> #N/A | N45: =+N43-VLOOKUP(Dulieu!$C$23&"_PRE_Y",Dulieu!$C$88:$N$400,12,FALSE) -> #N/A | O45: =+O43-VLOOKUP(Dulieu!$C$23&"_PRE_Y",Dulieu!$C$88:$Y$400,13,FALSE) -> #N/A | P45: =+P43-VLOOKUP(Dulieu!$C$23&"_PRE_Y",Dulieu!$C$88:$Y$400,14,FALSE) -> #N/A | Q45: =+Q43-VLOOKUP(Dulieu!$C$23&"_PRE_Y",Dulieu!$C$88:$Y$400,15,FALSE) -> #N/A | R45: =+R43-VLOOKUP(Dulieu!$C$23&"_PRE_Y",Dulieu!$C$88:$Y$400,16,FALSE) -> #N/A | S45: =+S43-VLOOKUP(Dulieu!$C$23&"_PRE_Y",Dulieu!$C$88:$Y$400,17,FALSE) -> #N/A | T45: =+T43-VLOOKUP(Dulieu!$C$23&"_PRE_Y",Dulieu!$C$88:$Y$400,18,FALSE) -> #N/A | U45: =+U43-VLOOKUP(Dulieu!$C$23&"_PRE_Y",Dulieu!$C$88:$Y$400,19,FALSE) -> #N/A | V45: =+V43-VLOOKUP(Dulieu!$C$23&"_PRE_Y",Dulieu!$C$88:$Y$400,20,FALSE) -> #N/A | W45: =+W43-VLOOKUP(Dulieu!$C$23&"_PRE_Y",Dulieu!$C$88:$Y$400,21,FALSE) -> #N/A | X45: =+X43-VLOOKUP(Dulieu!$C$23&"_PRE_Y",Dulieu!$C$88:$Y$400,22,FALSE) -> #N/A | Y45: =+Y43-VLOOKUP(Dulieu!$C$23&"_PRE_Y",Dulieu!$C$88:$Y$400,23,FALSE) -> #N/A
A46: III | B46: Nguồn vốn khác | C46: =SUM(D46:Y46) -> 0 | D46: =+Dulieu!D24 -> 0 | E46: =+Dulieu!E24 -> 0 | F46: =+Dulieu!F24 -> 0 | G46: =+Dulieu!G24 -> 0 | H46: =+Dulieu!H24 -> 0 | I46: =+Dulieu!I24 -> 0 | J46: =+Dulieu!J24 -> 0 | K46: =+Dulieu!K24 -> 0 | ... Y46: =+Dulieu!Y24 -> 0
A47: B | B47: SỬ DỤNG VỐN (B1+B2+B3) | C47: =SUM(D47:Y47) -> 13197495 | D47: =+Dulieu!D25 -> 726161.15 | E47: =+Dulieu!E25 -> 578007.1 | F47: =+Dulieu!F25 -> 622980.35 | G47: =+Dulieu!G25 -> 754002.38 | H47: =+Dulieu!H25 -> 735337.13 | I47: =+Dulieu!I25 -> 606133.69 | J47: =+Dulieu!J25 -> 644805.77 | K47: =+Dulieu!K25 -> 715752.69 | ... Y47: =+Dulieu!Y25 -> 518540.26
B48: So với đầu tháng | C48: =SUM(D48:Y48) -> 136748.86 | D48: =+D51+D173 -> 5050.67 | E48: =+E51+E173 -> 2040.7 | F48: =+F51+F173 -> 5682.33 | G48: =+G51+G173 -> -4368.84 | H48: =+H51+H173 -> 941.6 | I48: =+I51+I173 -> 10386.42 | J48: =+J51+J173 -> 2278.12 | K48: =+K51+K173 -> -586.03 | ... Y48: =+Y51+Y173 -> 4531.73
B49: So với đầu năm | C49: =SUM(D49:Y49) -> 1080222.7 | D49: =+D52+D174 -> 44562.51 | E49: =+E52+E174 -> 36623.98 | F49: =+F52+F174 -> 33229.51 | G49: =+G52+G174 -> 25645.2 | H49: =+H52+H174 -> 39266.49 | I49: =+I52+I174 -> 45682.67 | J49: =+J52+J174 -> 27215.23 | K49: =+K52+K174 -> 40083.06 | ... Y49: =+Y52+Y174 -> 54369.99
A50: B1 | B50: TỔNG DƯ NỢ | C50: =SUM(D50:Y50) -> 13157076 | D50: =+Dulieu!D26 -> 715749.14 | E50: =+Dulieu!E26 -> 576460.72 | F50: =+Dulieu!F26 -> 621751.54 | G50: =+Dulieu!G26 -> 752281.88 | H50: =+Dulieu!H26 -> 734066.37 | I50: =+Dulieu!I26 -> 603073.41 | J50: =+Dulieu!J26 -> 643090.33 | K50: =+Dulieu!K26 -> 714162.32 | ... Y50: =+Dulieu!Y26 -> 517002.54
B51: So với đầu tháng | C51: =SUM(D51:Y51) -> 127202.07 | D51: =+D54+D61 -> 57.21 | E51: =+E54+E61 -> 1646.56 | F51: =+F54+F61 -> 4889.26 | G51: =+G54+G61 -> -5419.88 | H51: =+H54+H61 -> 1348.7 | I51: =+I54+I61 -> 8447.96 | J51: =+J54+J61 -> 1714.26 | K51: =+K54+K61 -> -422.22 | ... Y51: =+Y54+Y61 -> 4562.29
B52: So với đầu năm | C52: =SUM(D52:Y52) -> 1055988.9 | D52: =+D55+D62 -> 38548.19 | E52: =+E55+E62 -> 35476.01 | F52: =+F55+F62 -> 32088.19 | G52: =+G55+G62 -> 24212.46 | H52: =+H55+H62 -> 38815.98 | I52: =+I55+I62 -> 43119.04 | J52: =+J55+J62 -> 26710.07 | K52: =+K55+K62 -> 39418.61 | ... Y52: =+Y55+Y62 -> 53787.72
A53: I | B53: Dư nợ nguồn vốn TW | C53: =SUM(D53:Y53) -> 10576969 | D53: =+Dulieu!D29 -> 380975.04 | E53: =+Dulieu!E29 -> 439803.9 | F53: =+Dulieu!F29 -> 440246.06 | G53: =+Dulieu!G29 -> 469532.59 | H53: =+Dulieu!H29 -> 571787.78 | I53: =+Dulieu!I29 -> 480224.54 | J53: =+Dulieu!J29 -> 454489.65 | K53: =+Dulieu!K29 -> 523173.61 | ... Y53: =+Dulieu!Y29 -> 476093.12
B54: So với đầu tháng | C54: =SUM(D54:Y54) -> 117878.96 | D54: =+Dulieu!D30 -> -5610.95 | E54: =+Dulieu!E30 -> 2493.33 | F54: =+Dulieu!F30 -> 4001.63 | G54: =+Dulieu!G30 -> -5044.73 | H54: =+Dulieu!H30 -> 828.44 | I54: =+Dulieu!I30 -> 8059.07 | J54: =+Dulieu!J30 -> 3299.86 | K54: =+Dulieu!K30 -> -977.93 | ... Y54: =+Dulieu!Y30 -> 4643.29
B55: So với đầu năm | C55: =SUM(D55:Y55) -> 781274.4 | D55: =+Dulieu!D31 -> 18025.58 | E55: =+Dulieu!E31 -> 30271.64 | F55: =+Dulieu!F31 -> 24585.32 | G55: =+Dulieu!G31 -> 11753.4 | H55: =+Dulieu!H31 -> 32776.77 | I55: =+Dulieu!I31 -> 30000.58 | J55: =+Dulieu!J31 -> 24064.48 | K55: =+Dulieu!K31 -> 24503.4 | ... Y55: =+Dulieu!Y31 -> 38743.09
B56: Trong đó: Nợ quá hạn | C56: =SUM(D56:Y56) -> 11553.6 | D56: =+Dulieu!D32 -> 1255.26 | E56: =+Dulieu!E32 -> 1609.07 | F56: =+Dulieu!F32 -> 603.94 | G56: =+Dulieu!G32 -> 678.22 | H56: =+Dulieu!H32 -> 1101.75 | I56: =+Dulieu!I32 -> 612.17 | J56: =+Dulieu!J32 -> 209.18 | K56: =+Dulieu!K32 -> 702.92 | ... Y56: =+Dulieu!Y32 -> 239.64
B57: So với đầu tháng | C57: =SUM(D57:Y57) -> 753.79 | D57: =+Dulieu!D33 -> -33.47 | E57: =+Dulieu!E33 -> 24.26 | F57: =+Dulieu!F33 -> 105.13 | G57: =+Dulieu!G33 -> 87.75 | H57: =+Dulieu!H33 -> 72.95 | I57: =+Dulieu!I33 -> 52.5 | J57: =+Dulieu!J33 -> 6.5 | K57: =+Dulieu!K33 -> -12.5 | ... Y57: =+Dulieu!Y33 -> 0
B58: So với đầu năm | C58: =SUM(D58:Y58) -> 126.55 | D58: =+Dulieu!D34 -> 8.99 | E58: =+Dulieu!E34 -> 206.48 | F58: =+Dulieu!F34 -> 69.74 | G58: =+Dulieu!G34 -> 6.02 | H58: =+Dulieu!H34 -> 1.76 | I58: =+Dulieu!I34 -> -166.4 | J58: =+Dulieu!J34 -> 24.37 | K58: =+Dulieu!K34 -> -174.08 | ... Y58: =+Dulieu!Y34 -> -0.4
B59: Tỷ lệ NQH | C59: =+C56/C53 -> 0.0010923356 | D59: =+Dulieu!D35 -> 0.0032948615 | E59: =+Dulieu!E35 -> 0.0036586078 | F59: =+Dulieu!F35 -> 0.0013718237 | G59: =+Dulieu!G35 -> 0.0014444578 | H59: =+Dulieu!H35 -> 0.0019268513 | I59: =+Dulieu!I35 -> 0.0012747578 | J59: =+Dulieu!J35 -> 0.00046025251 | K59: =+Dulieu!K35 -> 0.0013435693 | ... Y59: =+Dulieu!Y35 -> 0.00050334691
A60: II | B60: Dư nợ nguồn vốn Địa phương | C60: =SUM(D60:Y60) -> 2580106.7 | D60: =+Dulieu!D36 -> 334774.1 | E60: =+Dulieu!E36 -> 136656.82 | F60: =+Dulieu!F36 -> 181505.48 | G60: =+Dulieu!G36 -> 282749.29 | H60: =+Dulieu!H36 -> 162278.59 | I60: =+Dulieu!I36 -> 122848.87 | J60: =+Dulieu!J36 -> 188600.68 | K60: =+Dulieu!K36 -> 190988.71 | ... Y60: =+Dulieu!Y36 -> 40909.42
B61: So với đầu tháng | C61: =SUM(D61:Y61) -> 9323.11 | D61: =+Dulieu!D37 -> 5668.16 | E61: =+Dulieu!E37 -> -846.77 | F61: =+Dulieu!F37 -> 887.63 | G61: =+Dulieu!G37 -> -375.15 | H61: =+Dulieu!H37 -> 520.26 | I61: =+Dulieu!I37 -> 388.89 | J61: =+Dulieu!J37 -> -1585.6 | K61: =+Dulieu!K37 -> 555.71 | ... Y61: =+Dulieu!Y37 -> -81
B62: So với đầu năm | C62: =SUM(D62:Y62) -> 274714.48 | D62: =+Dulieu!D38 -> 20522.61 | E62: =+Dulieu!E38 -> 5204.37 | F62: =+Dulieu!F38 -> 7502.87 | G62: =+Dulieu!G38 -> 12459.06 | H62: =+Dulieu!H38 -> 6039.21 | I62: =+Dulieu!I38 -> 13118.46 | J62: =+Dulieu!J38 -> 2645.59 | K62: =+Dulieu!K38 -> 14915.21 | ... Y62: =+Dulieu!Y38 -> 15044.63
B63: Trong đó: Nợ quá hạn | C63: =SUM(D63:Y63) -> 2849.62 | D63: =+Dulieu!D39 -> 529.11 | E63: =+Dulieu!E39 -> 206.61 | F63: =+Dulieu!F39 -> 245.34 | G63: =+Dulieu!G39 -> 397.93 | H63: =+Dulieu!H39 -> 223.06 | I63: =+Dulieu!I39 -> 254.21 | J63: =+Dulieu!J39 -> 114.69 | K63: =+Dulieu!K39 -> 300.18 | ... Y63: =+Dulieu!Y39 -> 0
B64: So với đầu tháng | C64: =SUM(D64:Y64) -> 98.74 | D64: =+Dulieu!D40 -> 73.12 | E64: =+Dulieu!E40 -> -11 | F64: =+Dulieu!F40 -> 0 | G64: =+Dulieu!G40 -> 75.14 | H64: =+Dulieu!H40 -> -0.63 | I64: =+Dulieu!I40 -> 0 | J64: =+Dulieu!J40 -> 0 | K64: =+Dulieu!K40 -> -14.5 | ... Y64: =+Dulieu!Y40 -> 0
B65: So với đầu năm | C65: =SUM(D65:Y65) -> 685.71 | D65: =+Dulieu!D41 -> 113.35 | E65: =+Dulieu!E41 -> 68.21 | F65: =+Dulieu!F41 -> 50 | G65: =+Dulieu!G41 -> 280.38 | H65: =+Dulieu!H41 -> 38.46 | I65: =+Dulieu!I41 -> 51.18 | J65: =+Dulieu!J41 -> 40 | K65: =+Dulieu!K41 -> 35.28 | ... Y65: =+Dulieu!Y41 -> 0
B66: Tỷ lệ NQH | C66: =+C63/C60 -> 0.0011044582 | D66: =+Dulieu!D42 -> 0.0015804986 | E66: =+Dulieu!E42 -> 0.0015118894 | F66: =+Dulieu!F42 -> 0.0013516947 | G66: =+Dulieu!G42 -> 0.0014073599 | H66: =+Dulieu!H42 -> 0.0013745498 | I66: =+Dulieu!I42 -> 0.0020692905 | J66: =+Dulieu!J42 -> 0.00060811021 | K66: =+Dulieu!K42 -> 0.0015717159 | ... Y66: =+Dulieu!Y42 -> 0
A67: III | B67: Chi tiết từng chương trình | C67: =SUM(D67:Y67) -> 11984985 | D67: =+Dulieu!D43 + IFERROR(VLOOKUP(LEFT(Dulieu!$C$81,12)&"32",Dulieu!$C$88:$N$400,2,FALSE),0)+IFERROR(VLOOKUP(LEFT(Dulieu!$C$44,10)&"0233",Dulieu!$C$88:$N$400,2,FALSE),0) -> 596158.95 | E67: =+Dulieu!E43 + IFERROR(VLOOKUP(LEFT(Dulieu!$C$81,12)&"32",Dulieu!$C$88:$N$400,3,FALSE),0)+IFERROR(VLOOKUP(LEFT(Dulieu!$C$44,10)&"0233",Dulieu!$C$88:$N$400,3,FALSE),0) -> 533501.89 | F67: =+Dulieu!F43 + IFERROR(VLOOKUP(LEFT(Dulieu!$C$81,12)&"32",Dulieu!$C$88:$N$400,4,FALSE),0)+IFERROR(VLOOKUP(LEFT(Dulieu!$C$44,10)&"0233",Dulieu!$C$88:$N$400,4,FALSE),0) -> 580430.3 | G67: =+Dulieu!G43 + IFERROR(VLOOKUP(LEFT(Dulieu!$C$81,12)&"32",Dulieu!$C$88:$N$400,5,FALSE),0)+IFERROR(VLOOKUP(LEFT(Dulieu!$C$44,10)&"0233",Dulieu!$C$88:$N$400,5,FALSE),0) -> 645130.97 | H67: =+Dulieu!H43 + IFERROR(VLOOKUP(LEFT(Dulieu!$C$81,12)&"32",Dulieu!$C$88:$N$400,6,FALSE),0)+IFERROR(VLOOKUP(LEFT(Dulieu!$C$44,10)&"0233",Dulieu!$C$88:$N$400,6,FALSE),0) -> 701725.34 | I67: =+Dulieu!I43 + IFERROR(VLOOKUP(LEFT(Dulieu!$C$81,12)&"32",Dulieu!$C$88:$N$400,7,FALSE),0)+IFERROR(VLOOKUP(LEFT(Dulieu!$C$44,10)&"0233",Dulieu!$C$88:$N$400,7,FALSE),0) -> 556191.68 | J67: =+Dulieu!J43 + IFERROR(VLOOKUP(LEFT(Dulieu!$C$81,12)&"32",Dulieu!$C$88:$N$400,8,FALSE),0)+IFERROR(VLOOKUP(LEFT(Dulieu!$C$44,10)&"0233",Dulieu!$C$88:$N$400,8,FALSE),0) -> 595276.23 | K67: =+Dulieu!K43 + IFERROR(VLOOKUP(LEFT(Dulieu!$C$81,12)&"32",Dulieu!$C$88:$N$400,9,FALSE),0)+IFERROR(VLOOKUP(LEFT(Dulieu!$C$44,10)&"0233",Dulieu!$C$88:$N$400,9,FALSE),0) -> 671889.33 | L67: =+Dulieu!L43 + IFERROR(VLOOKUP(LEFT(Dulieu!$C$81,12)&"32",Dulieu!$C$88:$N$400,10,FALSE),0)+IFERROR(VLOOKUP(LEFT(Dulieu!$C$44,10)&"0233",Dulieu!$C$88:$N$400,10,FALSE),0) -> 549482.15 | M67: =+Dulieu!M43 + IFERROR(VLOOKUP(LEFT(Dulieu!$C$81,12)&"32",Dulieu!$C$88:$N$400,11,FALSE),0)+IFERROR(VLOOKUP(LEFT(Dulieu!$C$44,10)&"0233",Dulieu!$C$88:$N$400,11,FALSE),0) -> 516076.19 | N67: =+Dulieu!N43 + IFERROR(VLOOKUP(LEFT(Dulieu!$C$81,12)&"32",Dulieu!$C$88:$N$400,12,FALSE),0)+IFERROR(VLOOKUP(LEFT(Dulieu!$C$44,10)&"0233",Dulieu!$C$88:$N$400,12,FALSE),0) -> 533443.29 | O67: =+Dulieu!O43 + IFERROR(VLOOKUP(LEFT(Dulieu!$C$81,12)&"32",Dulieu!$C$88:$Y$400,13,FALSE),0)+IFERROR(VLOOKUP(LEFT(Dulieu!$C$44,10)&"0233",Dulieu!$C$88:$Y$400,13,FALSE),0) -> 294810.42 | P67: =+Dulieu!P43 + IFERROR(VLOOKUP(LEFT(Dulieu!$C$81,12)&"32",Dulieu!$C$88:$Y$400,14,FALSE),0)+IFERROR(VLOOKUP(LEFT(Dulieu!$C$44,10)&"0233",Dulieu!$C$88:$Y$400,14,FALSE),0) -> 739211.43 | Q67: =+Dulieu!Q43 + IFERROR(VLOOKUP(LEFT(Dulieu!$C$81,12)&"32",Dulieu!$C$88:$Y$400,15,FALSE),0)+IFERROR(VLOOKUP(LEFT(Dulieu!$C$44,10)&"0233",Dulieu!$C$88:$Y$400,15,FALSE),0) -> 321795.23 | R67: =+Dulieu!R43 + IFERROR(VLOOKUP(LEFT(Dulieu!$C$81,12)&"32",Dulieu!$C$88:$Y$400,16,FALSE),0)+IFERROR(VLOOKUP(LEFT(Dulieu!$C$44,10)&"0233",Dulieu!$C$88:$Y$400,16,FALSE),0) -> 317538.82 | S67: =+Dulieu!S43 + IFERROR(VLOOKUP(LEFT(Dulieu!$C$81,12)&"32",Dulieu!$C$88:$Y$400,17,FALSE),0)+IFERROR(VLOOKUP(LEFT(Dulieu!$C$44,10)&"0233",Dulieu!$C$88:$Y$400,17,FALSE),0) -> 750059.93 | T67: =+Dulieu!T43 + IFERROR(VLOOKUP(LEFT(Dulieu!$C$81,12)&"32",Dulieu!$C$88:$Y$400,18,FALSE),0)+IFERROR(VLOOKUP(LEFT(Dulieu!$C$44,10)&"0233",Dulieu!$C$88:$Y$400,18,FALSE),0) -> 454764.3 | U67: =+Dulieu!U43 + IFERROR(VLOOKUP(LEFT(Dulieu!$C$81,12)&"32",Dulieu!$C$88:$Y$400,19,FALSE),0)+IFERROR(VLOOKUP(LEFT(Dulieu!$C$44,10)&"0233",Dulieu!$C$88:$Y$400,19,FALSE),0) -> 367654.34 | V67: =+Dulieu!V43 + IFERROR(VLOOKUP(LEFT(Dulieu!$C$81,12)&"32",Dulieu!$C$88:$Y$400,20,FALSE),0)+IFERROR(VLOOKUP(LEFT(Dulieu!$C$44,10)&"0233",Dulieu!$C$88:$Y$400,20,FALSE),0) -> 556778.84 | W67: =+Dulieu!W43 + IFERROR(VLOOKUP(LEFT(Dulieu!$C$81,12)&"32",Dulieu!$C$88:$Y$400,21,FALSE),0)+IFERROR(VLOOKUP(LEFT(Dulieu!$C$44,10)&"0233",Dulieu!$C$88:$Y$400,21,FALSE),0) -> 638541.91 | X67: =+Dulieu!X43 + IFERROR(VLOOKUP(LEFT(Dulieu!$C$81,12)&"32",Dulieu!$C$88:$Y$400,22,FALSE),0)+IFERROR(VLOOKUP(LEFT(Dulieu!$C$44,10)&"0233",Dulieu!$C$88:$Y$400,22,FALSE),0) -> 597235 | Y67: =+Dulieu!Y43 + IFERROR(VLOOKUP(LEFT(Dulieu!$C$81,12)&"32",Dulieu!$C$88:$Y$400,23,FALSE),0)+IFERROR(VLOOKUP(LEFT(Dulieu!$C$44,10)&"0233",Dulieu!$C$88:$Y$400,23,FALSE),0) -> 467288.54
A68: 1 | B68: Cho vay hộ nghèo | C68: =SUM(D68:Y68) -> 244755.34 | D68: =+Dulieu!D44 -> 959.52 | E68: =+Dulieu!E44 -> 3726.4 | F68: =+Dulieu!F44 -> 6453.6 | G68: =+Dulieu!G44 -> 3969.39 | H68: =+Dulieu!H44 -> 8160.35 | I68: =+Dulieu!I44 -> 14732.78 | J68: =+Dulieu!J44 -> 2837.98 | K68: =+Dulieu!K44 -> 13514.99 | ... Y68: =+Dulieu!Y44 -> 25766.53
B69: So với đầu tháng | C69: =SUM(D69:Y69) -> -7879.86 | D69: =+D68-VLOOKUP(Dulieu!$C$44&"_PRE_M",Dulieu!$C$88:$N$400,2,FALSE) -> -67 | E69: =+E68-VLOOKUP(Dulieu!$C$44&"_PRE_M",Dulieu!$C$88:$N$400,3,FALSE) -> -19 | F69: =+F68-VLOOKUP(Dulieu!$C$44&"_PRE_M",Dulieu!$C$88:$N$400,4,FALSE) -> -420.5 | G69: =+G68-VLOOKUP(Dulieu!$C$44&"_PRE_M",Dulieu!$C$88:$N$400,5,FALSE) -> -82 | H69: =+H68-VLOOKUP(Dulieu!$C$44&"_PRE_M",Dulieu!$C$88:$N$400,6,FALSE) -> -89.5 | I69: =+I68-VLOOKUP(Dulieu!$C$44&"_PRE_M",Dulieu!$C$88:$N$400,7,FALSE) -> 169.9 | J69: =+J68-VLOOKUP(Dulieu!$C$44&"_PRE_M",Dulieu!$C$88:$N$400,8,FALSE) -> -50 | K69: =+K68-VLOOKUP(Dulieu!$C$44&"_PRE_M",Dulieu!$C$88:$N$400,9,FALSE) -> -212.9 | L69: =+L68-VLOOKUP(Dulieu!$C$44&"_PRE_M",Dulieu!$C$88:$N$400,10,FALSE) -> -432.3 | M69: =+M68-VLOOKUP(Dulieu!$C$44&"_PRE_M",Dulieu!$C$88:$N$400,11,FALSE) -> -53 | N69: =+N68-VLOOKUP(Dulieu!$C$44&"_PRE_M",Dulieu!$C$88:$N$400,12,FALSE) -> -371.4 | O69: =+O68-VLOOKUP(Dulieu!$C$44&"_PRE_M",Dulieu!$C$88:$Y$400,13,FALSE) -> -100 | P69: =+P68-VLOOKUP(Dulieu!$C$44&"_PRE_M",Dulieu!$C$88:$Y$400,14,FALSE) -> -2044.8 | Q69: =+Q68-VLOOKUP(Dulieu!$C$44&"_PRE_M",Dulieu!$C$88:$Y$400,15,FALSE) -> 0 | R69: =+R68-VLOOKUP(Dulieu!$C$44&"_PRE_M",Dulieu!$C$88:$Y$400,16,FALSE) -> -31 | S69: =+S68-VLOOKUP(Dulieu!$C$44&"_PRE_M",Dulieu!$C$88:$Y$400,17,FALSE) -> -1021.5 | T69: =+T68-VLOOKUP(Dulieu!$C$44&"_PRE_M",Dulieu!$C$88:$Y$400,18,FALSE) -> -40 | U69: =+U68-VLOOKUP(Dulieu!$C$44&"_PRE_M",Dulieu!$C$88:$Y$400,19,FALSE) -> 0 | V69: =+V68-VLOOKUP(Dulieu!$C$44&"_PRE_M",Dulieu!$C$88:$Y$400,20,FALSE) -> -657.21 | W69: =+W68-VLOOKUP(Dulieu!$C$44&"_PRE_M",Dulieu!$C$88:$Y$400,21,FALSE) -> -2028.65 | X69: =+X68-VLOOKUP(Dulieu!$C$44&"_PRE_M",Dulieu!$C$88:$Y$400,22,FALSE) -> -166 | Y69: =+Y68-VLOOKUP(Dulieu!$C$44&"_PRE_M",Dulieu!$C$88:$Y$400,23,FALSE) -> -163
B70: So với đầu năm | C70: =SUM(D70:Y70) -> -15938.43 | D70: =+D68-VLOOKUP(Dulieu!$C$44&"_PRE_Y",Dulieu!$C$88:$N$400,2,FALSE) -> -143 | E70: =+E68-VLOOKUP(Dulieu!$C$44&"_PRE_Y",Dulieu!$C$88:$N$400,3,FALSE) -> -309.9 | F70: =+F68-VLOOKUP(Dulieu!$C$44&"_PRE_Y",Dulieu!$C$88:$N$400,4,FALSE) -> -556.1 | G70: =+G68-VLOOKUP(Dulieu!$C$44&"_PRE_Y",Dulieu!$C$88:$N$400,5,FALSE) -> -329.5 | H70: =+H68-VLOOKUP(Dulieu!$C$44&"_PRE_Y",Dulieu!$C$88:$N$400,6,FALSE) -> -537.77 | I70: =+I68-VLOOKUP(Dulieu!$C$44&"_PRE_Y",Dulieu!$C$88:$N$400,7,FALSE) -> -289.7 | J70: =+J68-VLOOKUP(Dulieu!$C$44&"_PRE_Y",Dulieu!$C$88:$N$400,8,FALSE) -> 54.59 | K70: =+K68-VLOOKUP(Dulieu!$C$44&"_PRE_Y",Dulieu!$C$88:$N$400,9,FALSE) -> -608.4 | L70: =+L68-VLOOKUP(Dulieu!$C$44&"_PRE_Y",Dulieu!$C$88:$N$400,10,FALSE) -> -822.7 | M70: =+M68-VLOOKUP(Dulieu!$C$44&"_PRE_Y",Dulieu!$C$88:$N$400,11,FALSE) -> -161 | N70: =+N68-VLOOKUP(Dulieu!$C$44&"_PRE_Y",Dulieu!$C$88:$N$400,12,FALSE) -> -732.6 | O70: =+O68-VLOOKUP(Dulieu!$C$44&"_PRE_Y",Dulieu!$C$88:$Y$400,13,FALSE) -> -200 | P70: =+P68-VLOOKUP(Dulieu!$C$44&"_PRE_Y",Dulieu!$C$88:$Y$400,14,FALSE) -> -2402.6 | Q70: =+Q68-VLOOKUP(Dulieu!$C$44&"_PRE_Y",Dulieu!$C$88:$Y$400,15,FALSE) -> -10.5 | R70: =+R68-VLOOKUP(Dulieu!$C$44&"_PRE_Y",Dulieu!$C$88:$Y$400,16,FALSE) -> -136 | S70: =+S68-VLOOKUP(Dulieu!$C$44&"_PRE_Y",Dulieu!$C$88:$Y$400,17,FALSE) -> -2427.02 | T70: =+T68-VLOOKUP(Dulieu!$C$44&"_PRE_Y",Dulieu!$C$88:$Y$400,18,FALSE) -> -142 | U70: =+U68-VLOOKUP(Dulieu!$C$44&"_PRE_Y",Dulieu!$C$88:$Y$400,19,FALSE) -> -39 | V70: =+V68-VLOOKUP(Dulieu!$C$44&"_PRE_Y",Dulieu!$C$88:$Y$400,20,FALSE) -> -2104.01 | W70: =+W68-VLOOKUP(Dulieu!$C$44&"_PRE_Y",Dulieu!$C$88:$Y$400,21,FALSE) -> -2847.72 | X70: =+X68-VLOOKUP(Dulieu!$C$44&"_PRE_Y",Dulieu!$C$88:$Y$400,22,FALSE) -> -832.5 | Y70: =+Y68-VLOOKUP(Dulieu!$C$44&"_PRE_Y",Dulieu!$C$88:$Y$400,23,FALSE) -> -361
B71: Tr.đó: + Cho vay bằng vốn TW | C71: =SUM(D71:Y71) -> 207302.38 | D71: =+Dulieu!D45 -> 136.02 | E71: =+Dulieu!E45 -> 2716.1 | F71: =+Dulieu!F45 -> 2197.5 | G71: =+Dulieu!G45 -> 1504.99 | H71: =+Dulieu!H45 -> 4516.05 | I71: =+Dulieu!I45 -> 11980.28 | J71: =+Dulieu!J45 -> 2129.98 | K71: =+Dulieu!K45 -> 6935.89 | ... Y71: =+Dulieu!Y45 -> 24629.53
B72: + Cho vay bằng vốn ĐP | C72: =SUM(D72:Y72) -> 37452.96 | D72: =+Dulieu!D46 -> 823.5 | E72: =+Dulieu!E46 -> 1010.3 | F72: =+Dulieu!F46 -> 4256.1 | G72: =+Dulieu!G46 -> 2464.4 | H72: =+Dulieu!H46 -> 3644.3 | I72: =+Dulieu!I46 -> 2752.5 | J72: =+Dulieu!J46 -> 708 | K72: =+Dulieu!K46 -> 6579.1 | ... Y72: =+Dulieu!Y46 -> 1137
B73: - Cho vay bằng vốn ĐP tỉnh | C73: =SUM(D73:Y73) -> 37452.947 | D73: =+IFERROR(VLOOKUP(Dulieu!$C$46&"T",Dulieu!$C$88:$N$400,2,FALSE),0) -> 823.5 | E73: =+IFERROR(VLOOKUP(Dulieu!$C$46&"T",Dulieu!$C$88:$N$400,3,FALSE),0) -> 1010.3 | F73: =+IFERROR(VLOOKUP(Dulieu!$C$46&"T",Dulieu!$C$88:$N$400,4,FALSE),0) -> 4256.0953 | G73: =+IFERROR(VLOOKUP(Dulieu!$C$46&"T",Dulieu!$C$88:$N$400,5,FALSE),0) -> 2464.4 | H73: =+IFERROR(VLOOKUP(Dulieu!$C$46&"T",Dulieu!$C$88:$N$400,6,FALSE),0) -> 3644.3036 | I73: =+IFERROR(VLOOKUP(Dulieu!$C$46&"T",Dulieu!$C$88:$N$400,7,FALSE),0) -> 2752.5 | J73: =+IFERROR(VLOOKUP(Dulieu!$C$46&"T",Dulieu!$C$88:$N$400,8,FALSE),0) -> 708 | K73: =+IFERROR(VLOOKUP(Dulieu!$C$46&"T",Dulieu!$C$88:$N$400,9,FALSE),0) -> 6579.1 | L73: =+IFERROR(VLOOKUP(Dulieu!$C$46&"T",Dulieu!$C$88:$N$400,10,FALSE),0) -> 3753.1532 | M73: =+IFERROR(VLOOKUP(Dulieu!$C$46&"T",Dulieu!$C$88:$N$400,11,FALSE),0) -> 558 | N73: =+IFERROR(VLOOKUP(Dulieu!$C$46&"T",Dulieu!$C$88:$N$400,12,FALSE),0) -> 3867.305 | O73: =+IFERROR(VLOOKUP(Dulieu!$C$46&"T",Dulieu!$C$88:$Y$400,13,FALSE),0) -> 0 | P73: =+IFERROR(VLOOKUP(Dulieu!$C$46&"T",Dulieu!$C$88:$Y$400,14,FALSE),0) -> 169 | Q73: =+IFERROR(VLOOKUP(Dulieu!$C$46&"T",Dulieu!$C$88:$Y$400,15,FALSE),0) -> 0 | R73: =+IFERROR(VLOOKUP(Dulieu!$C$46&"T",Dulieu!$C$88:$Y$400,16,FALSE),0) -> 0 | S73: =+IFERROR(VLOOKUP(Dulieu!$C$46&"T",Dulieu!$C$88:$Y$400,17,FALSE),0) -> 70 | T73: =+IFERROR(VLOOKUP(Dulieu!$C$46&"T",Dulieu!$C$88:$Y$400,18,FALSE),0) -> 0 | U73: =+IFERROR(VLOOKUP(Dulieu!$C$46&"T",Dulieu!$C$88:$Y$400,19,FALSE),0) -> 0 | V73: =+IFERROR(VLOOKUP(Dulieu!$C$46&"T",Dulieu!$C$88:$Y$400,20,FALSE),0) -> 1508.2898 | W73: =+IFERROR(VLOOKUP(Dulieu!$C$46&"T",Dulieu!$C$88:$Y$400,21,FALSE),0) -> 2501.5 | X73: =+IFERROR(VLOOKUP(Dulieu!$C$46&"T",Dulieu!$C$88:$Y$400,22,FALSE),0) -> 1650.5 | Y73: =+IFERROR(VLOOKUP(Dulieu!$C$46&"T",Dulieu!$C$88:$Y$400,23,FALSE),0) -> 1137
B74: - Cho vay bằng vốn ĐP huyện | C74: =SUM(D74:Y74) -> 0.013054 | D74: =+D72-D73 -> 0 | E74: =+E72-E73 -> 0 | F74: =+F72-F73 -> 0.004669 | G74: =+G72-G73 -> 0 | H74: =+H72-H73 -> -0.003643 | I74: =+I72-I73 -> 0 | J74: =+J72-J73 -> 0 | K74: =+K72-K73 -> 0 | ... Y74: =+Y72-Y73 -> 0
A75: 2 | B75: Cho vay hộ cận nghèo | C75: =SUM(D75:Y75) -> 572719.05 | D75: =+Dulieu!D47 -> 1022.18 | E75: =+Dulieu!E47 -> 1680.69 | F75: =+Dulieu!F47 -> 11298 | G75: =+Dulieu!G47 -> 3488.3 | H75: =+Dulieu!H47 -> 35145.67 | I75: =+Dulieu!I47 -> 16664.88 | J75: =+Dulieu!J47 -> 42147.01 | K75: =+Dulieu!K47 -> 74833.44 | ... Y75: =+Dulieu!Y47 -> 11165
B76: So với đầu tháng | C76: =SUM(D76:Y76) -> -8685.08 | D76: =+D75-VLOOKUP(Dulieu!$C$47&"_PRE_M",Dulieu!$C$88:$N$400,2,FALSE) -> -22 | E76: =+E75-VLOOKUP(Dulieu!$C$47&"_PRE_M",Dulieu!$C$88:$N$400,3,FALSE) -> -15.12 | F76: =+F75-VLOOKUP(Dulieu!$C$47&"_PRE_M",Dulieu!$C$88:$N$400,4,FALSE) -> 29.1 | G76: =+G75-VLOOKUP(Dulieu!$C$47&"_PRE_M",Dulieu!$C$88:$N$400,5,FALSE) -> -221.96 | H76: =+H75-VLOOKUP(Dulieu!$C$47&"_PRE_M",Dulieu!$C$88:$N$400,6,FALSE) -> -216.75 | I76: =+I75-VLOOKUP(Dulieu!$C$47&"_PRE_M",Dulieu!$C$88:$N$400,7,FALSE) -> 114 | J76: =+J75-VLOOKUP(Dulieu!$C$47&"_PRE_M",Dulieu!$C$88:$N$400,8,FALSE) -> -353.2 | K76: =+K75-VLOOKUP(Dulieu!$C$47&"_PRE_M",Dulieu!$C$88:$N$400,9,FALSE) -> -431.6 | L76: =+L75-VLOOKUP(Dulieu!$C$47&"_PRE_M",Dulieu!$C$88:$N$400,10,FALSE) -> 300.11 | M76: =+M75-VLOOKUP(Dulieu!$C$47&"_PRE_M",Dulieu!$C$88:$N$400,11,FALSE) -> -157.6 | N76: =+N75-VLOOKUP(Dulieu!$C$47&"_PRE_M",Dulieu!$C$88:$N$400,12,FALSE) -> -89.18 | O76: =+O75-VLOOKUP(Dulieu!$C$47&"_PRE_M",Dulieu!$C$88:$Y$400,13,FALSE) -> -50 | P76: =+P75-VLOOKUP(Dulieu!$C$47&"_PRE_M",Dulieu!$C$88:$Y$400,14,FALSE) -> -2034.98 | Q76: =+Q75-VLOOKUP(Dulieu!$C$47&"_PRE_M",Dulieu!$C$88:$Y$400,15,FALSE) -> -0.5 | R76: =+R75-VLOOKUP(Dulieu!$C$47&"_PRE_M",Dulieu!$C$88:$Y$400,16,FALSE) -> -47 | S76: =+S75-VLOOKUP(Dulieu!$C$47&"_PRE_M",Dulieu!$C$88:$Y$400,17,FALSE) -> -325 | T76: =+T75-VLOOKUP(Dulieu!$C$47&"_PRE_M",Dulieu!$C$88:$Y$400,18,FALSE) -> -995.5 | U76: =+U75-VLOOKUP(Dulieu!$C$47&"_PRE_M",Dulieu!$C$88:$Y$400,19,FALSE) -> 0 | V76: =+V75-VLOOKUP(Dulieu!$C$47&"_PRE_M",Dulieu!$C$88:$Y$400,20,FALSE) -> -628.6 | W76: =+W75-VLOOKUP(Dulieu!$C$47&"_PRE_M",Dulieu!$C$88:$Y$400,21,FALSE) -> -3021.3 | X76: =+X75-VLOOKUP(Dulieu!$C$47&"_PRE_M",Dulieu!$C$88:$Y$400,22,FALSE) -> -390 | Y76: =+Y75-VLOOKUP(Dulieu!$C$47&"_PRE_M",Dulieu!$C$88:$Y$400,23,FALSE) -> -128
B77: So với đầu năm | C77: =SUM(D77:Y77) -> -17479.45 | D77: =+D75-VLOOKUP(Dulieu!$C$47&"_PRE_Y",Dulieu!$C$88:$N$400,2,FALSE) -> 76 | E77: =+E75-VLOOKUP(Dulieu!$C$47&"_PRE_Y",Dulieu!$C$88:$N$400,3,FALSE) -> -40.12 | F77: =+F75-VLOOKUP(Dulieu!$C$47&"_PRE_Y",Dulieu!$C$88:$N$400,4,FALSE) -> 724.6 | G77: =+G75-VLOOKUP(Dulieu!$C$47&"_PRE_Y",Dulieu!$C$88:$N$400,5,FALSE) -> -542.96 | H77: =+H75-VLOOKUP(Dulieu!$C$47&"_PRE_Y",Dulieu!$C$88:$N$400,6,FALSE) -> -1004.35 | I77: =+I75-VLOOKUP(Dulieu!$C$47&"_PRE_Y",Dulieu!$C$88:$N$400,7,FALSE) -> 611.9 | J77: =+J75-VLOOKUP(Dulieu!$C$47&"_PRE_Y",Dulieu!$C$88:$N$400,8,FALSE) -> -317.12 | K77: =+K75-VLOOKUP(Dulieu!$C$47&"_PRE_Y",Dulieu!$C$88:$N$400,9,FALSE) -> 503.79 | L77: =+L75-VLOOKUP(Dulieu!$C$47&"_PRE_Y",Dulieu!$C$88:$N$400,10,FALSE) -> 283.31 | M77: =+M75-VLOOKUP(Dulieu!$C$47&"_PRE_Y",Dulieu!$C$88:$N$400,11,FALSE) -> -695.54 | N77: =+N75-VLOOKUP(Dulieu!$C$47&"_PRE_Y",Dulieu!$C$88:$N$400,12,FALSE) -> -235.98 | O77: =+O75-VLOOKUP(Dulieu!$C$47&"_PRE_Y",Dulieu!$C$88:$Y$400,13,FALSE) -> -220 | P77: =+P75-VLOOKUP(Dulieu!$C$47&"_PRE_Y",Dulieu!$C$88:$Y$400,14,FALSE) -> -3184.48 | Q77: =+Q75-VLOOKUP(Dulieu!$C$47&"_PRE_Y",Dulieu!$C$88:$Y$400,15,FALSE) -> -18 | R77: =+R75-VLOOKUP(Dulieu!$C$47&"_PRE_Y",Dulieu!$C$88:$Y$400,16,FALSE) -> -217 | S77: =+S75-VLOOKUP(Dulieu!$C$47&"_PRE_Y",Dulieu!$C$88:$Y$400,17,FALSE) -> -1226 | T77: =+T75-VLOOKUP(Dulieu!$C$47&"_PRE_Y",Dulieu!$C$88:$Y$400,18,FALSE) -> -2832.37 | U77: =+U75-VLOOKUP(Dulieu!$C$47&"_PRE_Y",Dulieu!$C$88:$Y$400,19,FALSE) -> 0 | V77: =+V75-VLOOKUP(Dulieu!$C$47&"_PRE_Y",Dulieu!$C$88:$Y$400,20,FALSE) -> -2643.2 | W77: =+W75-VLOOKUP(Dulieu!$C$47&"_PRE_Y",Dulieu!$C$88:$Y$400,21,FALSE) -> -5606.78 | X77: =+X75-VLOOKUP(Dulieu!$C$47&"_PRE_Y",Dulieu!$C$88:$Y$400,22,FALSE) -> -665.15 | Y77: =+Y75-VLOOKUP(Dulieu!$C$47&"_PRE_Y",Dulieu!$C$88:$Y$400,23,FALSE) -> -230
B78: Tr.đó: + Cho vay bằng vốn TW | C78: =SUM(D78:Y78) -> 458612.14 | D78: =+Dulieu!D48 -> 349 | E78: =+Dulieu!E48 -> 1325.69 | F78: =+Dulieu!F48 -> 1389.7 | G78: =+Dulieu!G48 -> 1084.3 | H78: =+Dulieu!H48 -> 20512.28 | I78: =+Dulieu!I48 -> 10573.93 | J78: =+Dulieu!J48 -> 23503.92 | K78: =+Dulieu!K48 -> 34546.94 | ... Y78: =+Dulieu!Y48 -> 11165
B79: + Cho vay bằng vốn ĐP | C79: =SUM(D79:Y79) -> 114106.92 | D79: =+Dulieu!D49 -> 673.18 | E79: =+Dulieu!E49 -> 355 | F79: =+Dulieu!F49 -> 9908.3 | G79: =+Dulieu!G49 -> 2404 | H79: =+Dulieu!H49 -> 14633.39 | I79: =+Dulieu!I49 -> 6090.95 | J79: =+Dulieu!J49 -> 18643.09 | K79: =+Dulieu!K49 -> 40286.5 | ... Y79: =+Dulieu!Y49 -> 0
B80: - Cho vay bằng vốn ĐP tỉnh | C80: =SUM(D80:Y80) -> 114106.92 | D80: =+IFERROR(VLOOKUP(Dulieu!$C$49&"T",Dulieu!$C$88:$N$400,2,FALSE),0) -> 673.18402 | E80: =+IFERROR(VLOOKUP(Dulieu!$C$49&"T",Dulieu!$C$88:$N$400,3,FALSE),0) -> 355 | F80: =+IFERROR(VLOOKUP(Dulieu!$C$49&"T",Dulieu!$C$88:$N$400,4,FALSE),0) -> 9908.3 | G80: =+IFERROR(VLOOKUP(Dulieu!$C$49&"T",Dulieu!$C$88:$N$400,5,FALSE),0) -> 2404 | H80: =+IFERROR(VLOOKUP(Dulieu!$C$49&"T",Dulieu!$C$88:$N$400,6,FALSE),0) -> 14633.391 | I80: =+IFERROR(VLOOKUP(Dulieu!$C$49&"T",Dulieu!$C$88:$N$400,7,FALSE),0) -> 6090.95 | J80: =+IFERROR(VLOOKUP(Dulieu!$C$49&"T",Dulieu!$C$88:$N$400,8,FALSE),0) -> 18643.088 | K80: =+IFERROR(VLOOKUP(Dulieu!$C$49&"T",Dulieu!$C$88:$N$400,9,FALSE),0) -> 40286.5 | L80: =+IFERROR(VLOOKUP(Dulieu!$C$49&"T",Dulieu!$C$88:$N$400,10,FALSE),0) -> 6487.4866 | M80: =+IFERROR(VLOOKUP(Dulieu!$C$49&"T",Dulieu!$C$88:$N$400,11,FALSE),0) -> 11023.32 | N80: =+IFERROR(VLOOKUP(Dulieu!$C$49&"T",Dulieu!$C$88:$N$400,12,FALSE),0) -> 3109.6 | O80: =+IFERROR(VLOOKUP(Dulieu!$C$49&"T",Dulieu!$C$88:$Y$400,13,FALSE),0) -> 0 | P80: =+IFERROR(VLOOKUP(Dulieu!$C$49&"T",Dulieu!$C$88:$Y$400,14,FALSE),0) -> 417.5 | Q80: =+IFERROR(VLOOKUP(Dulieu!$C$49&"T",Dulieu!$C$88:$Y$400,15,FALSE),0) -> 14.6 | R80: =+IFERROR(VLOOKUP(Dulieu!$C$49&"T",Dulieu!$C$88:$Y$400,16,FALSE),0) -> 0 | S80: =+IFERROR(VLOOKUP(Dulieu!$C$49&"T",Dulieu!$C$88:$Y$400,17,FALSE),0) -> 0 | T80: =+IFERROR(VLOOKUP(Dulieu!$C$49&"T",Dulieu!$C$88:$Y$400,18,FALSE),0) -> 0 | U80: =+IFERROR(VLOOKUP(Dulieu!$C$49&"T",Dulieu!$C$88:$Y$400,19,FALSE),0) -> 0 | V80: =+IFERROR(VLOOKUP(Dulieu!$C$49&"T",Dulieu!$C$88:$Y$400,20,FALSE),0) -> 60 | W80: =+IFERROR(VLOOKUP(Dulieu!$C$49&"T",Dulieu!$C$88:$Y$400,21,FALSE),0) -> 0 | X80: =+IFERROR(VLOOKUP(Dulieu!$C$49&"T",Dulieu!$C$88:$Y$400,22,FALSE),0) -> 0 | Y80: =+IFERROR(VLOOKUP(Dulieu!$C$49&"T",Dulieu!$C$88:$Y$400,23,FALSE),0) -> 0
B81: - Cho vay bằng vốn ĐP huyện | C81: =SUM(D81:Y81) -> 0.000251 | D81: =+D79-D80 -> -0.004016 | E81: =+E79-E80 -> 0 | F81: =+F79-F80 -> 0 | G81: =+G79-G80 -> 0 | H81: =+H79-H80 -> -0.000866 | I81: =+I79-I80 -> 0 | J81: =+J79-J80 -> 0.001752 | K81: =+K79-K80 -> 0 | ... Y81: =+Y79-Y80 -> 0
A82: 3 | B82: Cho vay hộ mới thoát nghèo | C82: =SUM(D82:Y82) -> 971824.5 | D82: =+Dulieu!D50 -> 281 | E82: =+Dulieu!E50 -> 722.1 | F82: =+Dulieu!F50 -> 5790.15 | G82: =+Dulieu!G50 -> 3480.1 | H82: =+Dulieu!H50 -> 41325.92 | I82: =+Dulieu!I50 -> 15019.3 | J82: =+Dulieu!J50 -> 49948.24 | K82: =+Dulieu!K50 -> 31752.2 | ... Y82: =+Dulieu!Y50 -> 60043.31
B83: So với đầu tháng | C83: =SUM(D83:Y83) -> -15722.91 | D83: =+D82-VLOOKUP(Dulieu!$C$50&"_PRE_M",Dulieu!$C$88:$N$400,2,FALSE) -> 0 | E83: =+E82-VLOOKUP(Dulieu!$C$50&"_PRE_M",Dulieu!$C$88:$N$400,3,FALSE) -> 0 | F83: =+F82-VLOOKUP(Dulieu!$C$50&"_PRE_M",Dulieu!$C$88:$N$400,4,FALSE) -> 63.5 | G83: =+G82-VLOOKUP(Dulieu!$C$50&"_PRE_M",Dulieu!$C$88:$N$400,5,FALSE) -> -86 | H83: =+H82-VLOOKUP(Dulieu!$C$50&"_PRE_M",Dulieu!$C$88:$N$400,6,FALSE) -> -493.5 | I83: =+I82-VLOOKUP(Dulieu!$C$50&"_PRE_M",Dulieu!$C$88:$N$400,7,FALSE) -> -114.5 | J83: =+J82-VLOOKUP(Dulieu!$C$50&"_PRE_M",Dulieu!$C$88:$N$400,8,FALSE) -> -1912.3 | K83: =+K82-VLOOKUP(Dulieu!$C$50&"_PRE_M",Dulieu!$C$88:$N$400,9,FALSE) -> -292.62 | L83: =+L82-VLOOKUP(Dulieu!$C$50&"_PRE_M",Dulieu!$C$88:$N$400,10,FALSE) -> 421 | M83: =+M82-VLOOKUP(Dulieu!$C$50&"_PRE_M",Dulieu!$C$88:$N$400,11,FALSE) -> -453.5 | N83: =+N82-VLOOKUP(Dulieu!$C$50&"_PRE_M",Dulieu!$C$88:$N$400,12,FALSE) -> 387 | O83: =+O82-VLOOKUP(Dulieu!$C$50&"_PRE_M",Dulieu!$C$88:$Y$400,13,FALSE) -> -403 | P83: =+P82-VLOOKUP(Dulieu!$C$50&"_PRE_M",Dulieu!$C$88:$Y$400,14,FALSE) -> 2220.26 | Q83: =+Q82-VLOOKUP(Dulieu!$C$50&"_PRE_M",Dulieu!$C$88:$Y$400,15,FALSE) -> -5.3 | R83: =+R82-VLOOKUP(Dulieu!$C$50&"_PRE_M",Dulieu!$C$88:$Y$400,16,FALSE) -> -485.92 | S83: =+S82-VLOOKUP(Dulieu!$C$50&"_PRE_M",Dulieu!$C$88:$Y$400,17,FALSE) -> -1487.2 | T83: =+T82-VLOOKUP(Dulieu!$C$50&"_PRE_M",Dulieu!$C$88:$Y$400,18,FALSE) -> -748 | U83: =+U82-VLOOKUP(Dulieu!$C$50&"_PRE_M",Dulieu!$C$88:$Y$400,19,FALSE) -> -598.5 | V83: =+V82-VLOOKUP(Dulieu!$C$50&"_PRE_M",Dulieu!$C$88:$Y$400,20,FALSE) -> -3154.79 | W83: =+W82-VLOOKUP(Dulieu!$C$50&"_PRE_M",Dulieu!$C$88:$Y$400,21,FALSE) -> -1490.4 | X83: =+X82-VLOOKUP(Dulieu!$C$50&"_PRE_M",Dulieu!$C$88:$Y$400,22,FALSE) -> -4502.69 | Y83: =+Y82-VLOOKUP(Dulieu!$C$50&"_PRE_M",Dulieu!$C$88:$Y$400,23,FALSE) -> -2586.45
B84: So với đầu năm | C84: =SUM(D84:Y84) -> -30334.83 | D84: =+D82-VLOOKUP(Dulieu!$C$50&"_PRE_Y",Dulieu!$C$88:$N$400,2,FALSE) -> 50 | E84: =+E82-VLOOKUP(Dulieu!$C$50&"_PRE_Y",Dulieu!$C$88:$N$400,3,FALSE) -> -13 | F84: =+F82-VLOOKUP(Dulieu!$C$50&"_PRE_Y",Dulieu!$C$88:$N$400,4,FALSE) -> -16 | G84: =+G82-VLOOKUP(Dulieu!$C$50&"_PRE_Y",Dulieu!$C$88:$N$400,5,FALSE) -> -196.4 | H84: =+H82-VLOOKUP(Dulieu!$C$50&"_PRE_Y",Dulieu!$C$88:$N$400,6,FALSE) -> -1270.3 | I84: =+I82-VLOOKUP(Dulieu!$C$50&"_PRE_Y",Dulieu!$C$88:$N$400,7,FALSE) -> -1024.69 | J84: =+J82-VLOOKUP(Dulieu!$C$50&"_PRE_Y",Dulieu!$C$88:$N$400,8,FALSE) -> -2498.1 | K84: =+K82-VLOOKUP(Dulieu!$C$50&"_PRE_Y",Dulieu!$C$88:$N$400,9,FALSE) -> -1502.1 | L84: =+L82-VLOOKUP(Dulieu!$C$50&"_PRE_Y",Dulieu!$C$88:$N$400,10,FALSE) -> 405 | M84: =+M82-VLOOKUP(Dulieu!$C$50&"_PRE_Y",Dulieu!$C$88:$N$400,11,FALSE) -> -1190.85 | N84: =+N82-VLOOKUP(Dulieu!$C$50&"_PRE_Y",Dulieu!$C$88:$N$400,12,FALSE) -> 334.8 | O84: =+O82-VLOOKUP(Dulieu!$C$50&"_PRE_Y",Dulieu!$C$88:$Y$400,13,FALSE) -> -810.5 | P84: =+P82-VLOOKUP(Dulieu!$C$50&"_PRE_Y",Dulieu!$C$88:$Y$400,14,FALSE) -> 2465.42 | Q84: =+Q82-VLOOKUP(Dulieu!$C$50&"_PRE_Y",Dulieu!$C$88:$Y$400,15,FALSE) -> -18.3 | R84: =+R82-VLOOKUP(Dulieu!$C$50&"_PRE_Y",Dulieu!$C$88:$Y$400,16,FALSE) -> -1118.92 | S84: =+S82-VLOOKUP(Dulieu!$C$50&"_PRE_Y",Dulieu!$C$88:$Y$400,17,FALSE) -> -4321.2 | T84: =+T82-VLOOKUP(Dulieu!$C$50&"_PRE_Y",Dulieu!$C$88:$Y$400,18,FALSE) -> -1577.8 | U84: =+U82-VLOOKUP(Dulieu!$C$50&"_PRE_Y",Dulieu!$C$88:$Y$400,19,FALSE) -> -598.5 | V84: =+V82-VLOOKUP(Dulieu!$C$50&"_PRE_Y",Dulieu!$C$88:$Y$400,20,FALSE) -> -5500.49 | W84: =+W82-VLOOKUP(Dulieu!$C$50&"_PRE_Y",Dulieu!$C$88:$Y$400,21,FALSE) -> -2445.08 | X84: =+X82-VLOOKUP(Dulieu!$C$50&"_PRE_Y",Dulieu!$C$88:$Y$400,22,FALSE) -> -5418.01 | Y84: =+Y82-VLOOKUP(Dulieu!$C$50&"_PRE_Y",Dulieu!$C$88:$Y$400,23,FALSE) -> -4069.81
B85: Tr.đó: + Cho vay bằng vốn TW | C85: =SUM(D85:Y85) -> 881223.15 | D85: =+Dulieu!D51 -> 100 | E85: =+Dulieu!E51 -> 302.1 | F85: =+Dulieu!F51 -> 4090.15 | G85: =+Dulieu!G51 -> 1107.2 | H85: =+Dulieu!H51 -> 23195.94 | I85: =+Dulieu!I51 -> 10506.67 | J85: =+Dulieu!J51 -> 17399.5 | K85: =+Dulieu!K51 -> 14119.4 | ... Y85: =+Dulieu!Y51 -> 60043.31
B86: + Cho vay bằng vốn ĐP | C86: =SUM(D86:Y86) -> 90601.35 | D86: =+Dulieu!D52 -> 181 | E86: =+Dulieu!E52 -> 420 | F86: =+Dulieu!F52 -> 1700 | G86: =+Dulieu!G52 -> 2372.9 | H86: =+Dulieu!H52 -> 18129.98 | I86: =+Dulieu!I52 -> 4512.63 | J86: =+Dulieu!J52 -> 32548.74 | K86: =+Dulieu!K52 -> 17632.8 | ... Y86: =+Dulieu!Y52 -> 0
B87: - Cho vay bằng vốn ĐP tỉnh | C87: =SUM(D87:Y87) -> 90601.35 | D87: =+IFERROR(VLOOKUP(Dulieu!$C$52&"T",Dulieu!$C$88:$N$400,2,FALSE),0) -> 181 | E87: =+IFERROR(VLOOKUP(Dulieu!$C$52&"T",Dulieu!$C$88:$N$400,3,FALSE),0) -> 420 | F87: =+IFERROR(VLOOKUP(Dulieu!$C$52&"T",Dulieu!$C$88:$N$400,4,FALSE),0) -> 1700 | G87: =+IFERROR(VLOOKUP(Dulieu!$C$52&"T",Dulieu!$C$88:$N$400,5,FALSE),0) -> 2372.9 | H87: =+IFERROR(VLOOKUP(Dulieu!$C$52&"T",Dulieu!$C$88:$N$400,6,FALSE),0) -> 18129.978 | I87: =+IFERROR(VLOOKUP(Dulieu!$C$52&"T",Dulieu!$C$88:$N$400,7,FALSE),0) -> 4512.63 | J87: =+IFERROR(VLOOKUP(Dulieu!$C$52&"T",Dulieu!$C$88:$N$400,8,FALSE),0) -> 32548.742 | K87: =+IFERROR(VLOOKUP(Dulieu!$C$52&"T",Dulieu!$C$88:$N$400,9,FALSE),0) -> 17632.8 | L87: =+IFERROR(VLOOKUP(Dulieu!$C$52&"T",Dulieu!$C$88:$N$400,10,FALSE),0) -> 1485.5 | M87: =+IFERROR(VLOOKUP(Dulieu!$C$52&"T",Dulieu!$C$88:$N$400,11,FALSE),0) -> 3617 | N87: =+IFERROR(VLOOKUP(Dulieu!$C$52&"T",Dulieu!$C$88:$N$400,12,FALSE),0) -> 2100.2 | O87: =+IFERROR(VLOOKUP(Dulieu!$C$52&"T",Dulieu!$C$88:$Y$400,13,FALSE),0) -> 0 | P87: =+IFERROR(VLOOKUP(Dulieu!$C$52&"T",Dulieu!$C$88:$Y$400,14,FALSE),0) -> 4401 | Q87: =+IFERROR(VLOOKUP(Dulieu!$C$52&"T",Dulieu!$C$88:$Y$400,15,FALSE),0) -> 25.1 | R87: =+IFERROR(VLOOKUP(Dulieu!$C$52&"T",Dulieu!$C$88:$Y$400,16,FALSE),0) -> 0 | S87: =+IFERROR(VLOOKUP(Dulieu!$C$52&"T",Dulieu!$C$88:$Y$400,17,FALSE),0) -> 0 | T87: =+IFERROR(VLOOKUP(Dulieu!$C$52&"T",Dulieu!$C$88:$Y$400,18,FALSE),0) -> 0 | U87: =+IFERROR(VLOOKUP(Dulieu!$C$52&"T",Dulieu!$C$88:$Y$400,19,FALSE),0) -> 332.5 | V87: =+IFERROR(VLOOKUP(Dulieu!$C$52&"T",Dulieu!$C$88:$Y$400,20,FALSE),0) -> 442 | W87: =+IFERROR(VLOOKUP(Dulieu!$C$52&"T",Dulieu!$C$88:$Y$400,21,FALSE),0) -> 0 | X87: =+IFERROR(VLOOKUP(Dulieu!$C$52&"T",Dulieu!$C$88:$Y$400,22,FALSE),0) -> 700 | Y87: =+IFERROR(VLOOKUP(Dulieu!$C$52&"T",Dulieu!$C$88:$Y$400,23,FALSE),0) -> 0
B88: - Cho vay bằng vốn ĐP huyện | C88: =SUM(D88:Y88) -> -8.3999996e-05 | D88: =+D86-D87 -> 0 | E88: =+E86-E87 -> 0 | F88: =+F86-F87 -> 0 | G88: =+G86-G87 -> 0 | H88: =+H86-H87 -> 0.001615 | I88: =+I86-I87 -> 0 | J88: =+J86-J87 -> -0.001699 | K88: =+K86-K87 -> 0 | ... Y88: =+Y86-Y87 -> 0
A89: 4 | B89: Cho vay HSSV (vốn TW) | C89: =SUM(D89:Y89) -> 1751192.9 | D89: =+Dulieu!D53 -> 81881.26 | E89: =+Dulieu!E53 -> 73452.42 | F89: =+Dulieu!F53 -> 53562.25 | G89: =+Dulieu!G53 -> 103367.86 | H89: =+Dulieu!H53 -> 99618.11 | I89: =+Dulieu!I53 -> 99971.9 | J89: =+Dulieu!J53 -> 73230.43 | K89: =+Dulieu!K53 -> 112259.65 | ... Y89: =+Dulieu!Y53 -> 87163.7
B90: So với đầu tháng | C90: =SUM(D90:Y90) -> -14247.89 | D90: =+D89-VLOOKUP(Dulieu!$C$53&"_PRE_M",Dulieu!$C$88:$N$400,2,FALSE) -> -579.12 | E90: =+E89-VLOOKUP(Dulieu!$C$53&"_PRE_M",Dulieu!$C$88:$N$400,3,FALSE) -> -344.36 | F90: =+F89-VLOOKUP(Dulieu!$C$53&"_PRE_M",Dulieu!$C$88:$N$400,4,FALSE) -> -358.7 | G90: =+G89-VLOOKUP(Dulieu!$C$53&"_PRE_M",Dulieu!$C$88:$N$400,5,FALSE) -> -965.1 | H90: =+H89-VLOOKUP(Dulieu!$C$53&"_PRE_M",Dulieu!$C$88:$N$400,6,FALSE) -> -1132.4 | I90: =+I89-VLOOKUP(Dulieu!$C$53&"_PRE_M",Dulieu!$C$88:$N$400,7,FALSE) -> -895.04 | J90: =+J89-VLOOKUP(Dulieu!$C$53&"_PRE_M",Dulieu!$C$88:$N$400,8,FALSE) -> -632.65 | K90: =+K89-VLOOKUP(Dulieu!$C$53&"_PRE_M",Dulieu!$C$88:$N$400,9,FALSE) -> -836.58 | L90: =+L89-VLOOKUP(Dulieu!$C$53&"_PRE_M",Dulieu!$C$88:$N$400,10,FALSE) -> -725.83 | M90: =+M89-VLOOKUP(Dulieu!$C$53&"_PRE_M",Dulieu!$C$88:$N$400,11,FALSE) -> -549.62 | N90: =+N89-VLOOKUP(Dulieu!$C$53&"_PRE_M",Dulieu!$C$88:$N$400,12,FALSE) -> 66.1 | O90: =+O89-VLOOKUP(Dulieu!$C$53&"_PRE_M",Dulieu!$C$88:$Y$400,13,FALSE) -> -342.5 | P90: =+P89-VLOOKUP(Dulieu!$C$53&"_PRE_M",Dulieu!$C$88:$Y$400,14,FALSE) -> -725.5 | Q90: =+Q89-VLOOKUP(Dulieu!$C$53&"_PRE_M",Dulieu!$C$88:$Y$400,15,FALSE) -> -709.35 | R90: =+R89-VLOOKUP(Dulieu!$C$53&"_PRE_M",Dulieu!$C$88:$Y$400,16,FALSE) -> -724.84 | S90: =+S89-VLOOKUP(Dulieu!$C$53&"_PRE_M",Dulieu!$C$88:$Y$400,17,FALSE) -> -1402 | T90: =+T89-VLOOKUP(Dulieu!$C$53&"_PRE_M",Dulieu!$C$88:$Y$400,18,FALSE) -> -293 | U90: =+U89-VLOOKUP(Dulieu!$C$53&"_PRE_M",Dulieu!$C$88:$Y$400,19,FALSE) -> -286 | V90: =+V89-VLOOKUP(Dulieu!$C$53&"_PRE_M",Dulieu!$C$88:$Y$400,20,FALSE) -> -29.4 | W90: =+W89-VLOOKUP(Dulieu!$C$53&"_PRE_M",Dulieu!$C$88:$Y$400,21,FALSE) -> -976.5 | X90: =+X89-VLOOKUP(Dulieu!$C$53&"_PRE_M",Dulieu!$C$88:$Y$400,22,FALSE) -> -1187.5 | Y90: =+Y89-VLOOKUP(Dulieu!$C$53&"_PRE_M",Dulieu!$C$88:$Y$400,23,FALSE) -> -618
B91: So với đầu năm | C91: =SUM(D91:Y91) -> -17233.7 | D91: =+D89-VLOOKUP(Dulieu!$C$53&"_PRE_Y",Dulieu!$C$88:$N$400,2,FALSE) -> -1658.26 | E91: =+E89-VLOOKUP(Dulieu!$C$53&"_PRE_Y",Dulieu!$C$88:$N$400,3,FALSE) -> -664.46 | F91: =+F89-VLOOKUP(Dulieu!$C$53&"_PRE_Y",Dulieu!$C$88:$N$400,4,FALSE) -> -1175.58 | G91: =+G89-VLOOKUP(Dulieu!$C$53&"_PRE_Y",Dulieu!$C$88:$N$400,5,FALSE) -> -1058.68 | H91: =+H89-VLOOKUP(Dulieu!$C$53&"_PRE_Y",Dulieu!$C$88:$N$400,6,FALSE) -> 9992.97 | I91: =+I89-VLOOKUP(Dulieu!$C$53&"_PRE_Y",Dulieu!$C$88:$N$400,7,FALSE) -> -1347.74 | J91: =+J89-VLOOKUP(Dulieu!$C$53&"_PRE_Y",Dulieu!$C$88:$N$400,8,FALSE) -> -1161.75 | K91: =+K89-VLOOKUP(Dulieu!$C$53&"_PRE_Y",Dulieu!$C$88:$N$400,9,FALSE) -> -2532.22 | L91: =+L89-VLOOKUP(Dulieu!$C$53&"_PRE_Y",Dulieu!$C$88:$N$400,10,FALSE) -> -234.59 | M91: =+M89-VLOOKUP(Dulieu!$C$53&"_PRE_Y",Dulieu!$C$88:$N$400,11,FALSE) -> -1561.89 | N91: =+N89-VLOOKUP(Dulieu!$C$53&"_PRE_Y",Dulieu!$C$88:$N$400,12,FALSE) -> 191.58 | O91: =+O89-VLOOKUP(Dulieu!$C$53&"_PRE_Y",Dulieu!$C$88:$Y$400,13,FALSE) -> 186 | P91: =+P89-VLOOKUP(Dulieu!$C$53&"_PRE_Y",Dulieu!$C$88:$Y$400,14,FALSE) -> -3289.91 | Q91: =+Q89-VLOOKUP(Dulieu!$C$53&"_PRE_Y",Dulieu!$C$88:$Y$400,15,FALSE) -> -1376.94 | R91: =+R89-VLOOKUP(Dulieu!$C$53&"_PRE_Y",Dulieu!$C$88:$Y$400,16,FALSE) -> -805.84 | S91: =+S89-VLOOKUP(Dulieu!$C$53&"_PRE_Y",Dulieu!$C$88:$Y$400,17,FALSE) -> -2328.8 | T91: =+T89-VLOOKUP(Dulieu!$C$53&"_PRE_Y",Dulieu!$C$88:$Y$400,18,FALSE) -> -1158.5 | U91: =+U89-VLOOKUP(Dulieu!$C$53&"_PRE_Y",Dulieu!$C$88:$Y$400,19,FALSE) -> 502.4 | V91: =+V89-VLOOKUP(Dulieu!$C$53&"_PRE_Y",Dulieu!$C$88:$Y$400,20,FALSE) -> -1906.25 | W91: =+W89-VLOOKUP(Dulieu!$C$53&"_PRE_Y",Dulieu!$C$88:$Y$400,21,FALSE) -> -2660.6 | X91: =+X89-VLOOKUP(Dulieu!$C$53&"_PRE_Y",Dulieu!$C$88:$Y$400,22,FALSE) -> -3087 | Y91: =+Y89-VLOOKUP(Dulieu!$C$53&"_PRE_Y",Dulieu!$C$88:$Y$400,23,FALSE) -> -97.64
A92: 5 | B92: Cho vay NS&VSMT nông thôn | C92: =SUM(D92:Y92) -> 2928770.8 | D92: =+Dulieu!D54 -> 14951.64 | E92: =+Dulieu!E54 -> 152662.33 | F92: =+Dulieu!F54 -> 158335.62 | G92: =+Dulieu!G54 -> 70077.86 | H92: =+Dulieu!H54 -> 211367.78 | I92: =+Dulieu!I54 -> 168702.52 | J92: =+Dulieu!J54 -> 135080.74 | K92: =+Dulieu!K54 -> 174947.6 | ... Y92: =+Dulieu!Y54 -> 173059.6
B93: So với đầu tháng | C93: =SUM(D93:Y93) -> 47800.06 | D93: =+D92-VLOOKUP(Dulieu!$C$54&"_PRE_M",Dulieu!$C$88:$N$402,2,FALSE)-IFERROR(VLOOKUP(LEFT(Dulieu!$C$54,12)&"37"&"_PRE_M",Dulieu!$C$88:$N$402,2,FALSE),0) -> -582.2 | E93: =+E92-VLOOKUP(Dulieu!$C$54&"_PRE_M",Dulieu!$C$88:$N$402,3,FALSE)-IFERROR(VLOOKUP(LEFT(Dulieu!$C$54,12)&"37"&"_PRE_M",Dulieu!$C$88:$N$402,3,FALSE),0) -> 3577.01 | F93: =+F92-VLOOKUP(Dulieu!$C$54&"_PRE_M",Dulieu!$C$88:$N$402,4,FALSE)-IFERROR(VLOOKUP(LEFT(Dulieu!$C$54,12)&"37"&"_PRE_M",Dulieu!$C$88:$N$402,4,FALSE),0) -> 5494.5 | G93: =+G92-VLOOKUP(Dulieu!$C$54&"_PRE_M",Dulieu!$C$88:$N$402,5,FALSE)-IFERROR(VLOOKUP(LEFT(Dulieu!$C$54,12)&"37"&"_PRE_M",Dulieu!$C$88:$N$402,5,FALSE),0) -> -1925.62 | H93: =+H92-VLOOKUP(Dulieu!$C$54&"_PRE_M",Dulieu!$C$88:$N$402,6,FALSE)-IFERROR(VLOOKUP(LEFT(Dulieu!$C$54,12)&"37"&"_PRE_M",Dulieu!$C$88:$N$402,6,FALSE),0) -> 3930.91 | I93: =+I92-VLOOKUP(Dulieu!$C$54&"_PRE_M",Dulieu!$C$88:$N$402,7,FALSE)-IFERROR(VLOOKUP(LEFT(Dulieu!$C$54,12)&"37"&"_PRE_M",Dulieu!$C$88:$N$402,7,FALSE),0) -> 8767.31 | J93: =+J92-VLOOKUP(Dulieu!$C$54&"_PRE_M",Dulieu!$C$88:$N$402,8,FALSE)-IFERROR(VLOOKUP(LEFT(Dulieu!$C$54,12)&"37"&"_PRE_M",Dulieu!$C$88:$N$402,8,FALSE),0) -> 5555.53 | K93: =+K92-VLOOKUP(Dulieu!$C$54&"_PRE_M",Dulieu!$C$88:$N$402,9,FALSE)-IFERROR(VLOOKUP(LEFT(Dulieu!$C$54,12)&"37"&"_PRE_M",Dulieu!$C$88:$N$402,9,FALSE),0) -> 1630.04 | L93: =+L92-VLOOKUP(Dulieu!$C$54&"_PRE_M",Dulieu!$C$88:$N$402,10,FALSE)-IFERROR(VLOOKUP(LEFT(Dulieu!$C$54,12)&"37"&"_PRE_M",Dulieu!$C$88:$N$402,10,FALSE),0) -> 5982.42 | M93: =+M92-VLOOKUP(Dulieu!$C$54&"_PRE_M",Dulieu!$C$88:$N$402,11,FALSE)-IFERROR(VLOOKUP(LEFT(Dulieu!$C$54,12)&"37"&"_PRE_M",Dulieu!$C$88:$N$402,11,FALSE),0) -> 5827.56 | N93: =+N92-VLOOKUP(Dulieu!$C$54&"_PRE_M",Dulieu!$C$88:$N$402,12,FALSE)-IFERROR(VLOOKUP(LEFT(Dulieu!$C$54,12)&"37"&"_PRE_M",Dulieu!$C$88:$N$402,12,FALSE),0) -> 611.27 | O93: =+O92-VLOOKUP(Dulieu!$C$54&"_PRE_M",Dulieu!$C$88:$Y$400,13,FALSE)-IFERROR(VLOOKUP(LEFT(Dulieu!$C$54,12)&"37"&"_PRE_M",Dulieu!$C$88:$Y$400,13,FALSE),0) -> -722.45 | P93: =+P92-VLOOKUP(Dulieu!$C$54&"_PRE_M",Dulieu!$C$88:$Y$400,14,FALSE)-IFERROR(VLOOKUP(LEFT(Dulieu!$C$54,12)&"37"&"_PRE_M",Dulieu!$C$88:$Y$400,14,FALSE),0) -> 47.93 | Q93: =+Q92-VLOOKUP(Dulieu!$C$54&"_PRE_M",Dulieu!$C$88:$Y$400,15,FALSE)-IFERROR(VLOOKUP(LEFT(Dulieu!$C$54,12)&"37"&"_PRE_M",Dulieu!$C$88:$Y$400,15,FALSE),0) -> -856.93 | R93: =+R92-VLOOKUP(Dulieu!$C$54&"_PRE_M",Dulieu!$C$88:$Y$400,16,FALSE)-IFERROR(VLOOKUP(LEFT(Dulieu!$C$54,12)&"37"&"_PRE_M",Dulieu!$C$88:$Y$400,16,FALSE),0) -> -612 | S93: =+S92-VLOOKUP(Dulieu!$C$54&"_PRE_M",Dulieu!$C$88:$Y$400,17,FALSE)-IFERROR(VLOOKUP(LEFT(Dulieu!$C$54,12)&"37"&"_PRE_M",Dulieu!$C$88:$Y$400,17,FALSE),0) -> -66.5 | T93: =+T92-VLOOKUP(Dulieu!$C$54&"_PRE_M",Dulieu!$C$88:$Y$400,18,FALSE)-IFERROR(VLOOKUP(LEFT(Dulieu!$C$54,12)&"37"&"_PRE_M",Dulieu!$C$88:$Y$400,18,FALSE),0) -> 5067.68 | U93: =+U92-VLOOKUP(Dulieu!$C$54&"_PRE_M",Dulieu!$C$88:$Y$400,19,FALSE)-IFERROR(VLOOKUP(LEFT(Dulieu!$C$54,12)&"37"&"_PRE_M",Dulieu!$C$88:$Y$400,19,FALSE),0) -> 1044.1 | V93: =+V92-VLOOKUP(Dulieu!$C$54&"_PRE_M",Dulieu!$C$88:$Y$400,20,FALSE)-IFERROR(VLOOKUP(LEFT(Dulieu!$C$54,12)&"37"&"_PRE_M",Dulieu!$C$88:$Y$400,20,FALSE),0) -> -129.88 | W93: =+W92-VLOOKUP(Dulieu!$C$54&"_PRE_M",Dulieu!$C$88:$Y$400,21,FALSE)-IFERROR(VLOOKUP(LEFT(Dulieu!$C$54,12)&"37"&"_PRE_M",Dulieu!$C$88:$Y$400,21,FALSE),0) -> -305 | X93: =+X92-VLOOKUP(Dulieu!$C$54&"_PRE_M",Dulieu!$C$88:$Y$400,22,FALSE)-IFERROR(VLOOKUP(LEFT(Dulieu!$C$54,12)&"37"&"_PRE_M",Dulieu!$C$88:$Y$400,22,FALSE),0) -> -526.5 | Y93: =+Y92-VLOOKUP(Dulieu!$C$54&"_PRE_M",Dulieu!$C$88:$Y$400,23,FALSE)-IFERROR(VLOOKUP(LEFT(Dulieu!$C$54,12)&"37"&"_PRE_M",Dulieu!$C$88:$Y$400,23,FALSE),0) -> 5990.88
B94: So với đầu năm | C94: =SUM(D94:Y94) -> 325095.61 | D94: =+D92-VLOOKUP(Dulieu!$C$54&"_PRE_Y",Dulieu!$C$88:$N$402,2,FALSE)-IFERROR(VLOOKUP(LEFT(Dulieu!$C$54,12)&"37"&"_PRE_Y",Dulieu!$C$88:$N$402,2,FALSE),0) -> -1789.88 | E94: =+E92-VLOOKUP(Dulieu!$C$54&"_PRE_Y",Dulieu!$C$88:$N$402,3,FALSE)-IFERROR(VLOOKUP(LEFT(Dulieu!$C$54,12)&"37"&"_PRE_Y",Dulieu!$C$88:$N$402,3,FALSE),0) -> 17986.31 | F94: =+F92-VLOOKUP(Dulieu!$C$54&"_PRE_Y",Dulieu!$C$88:$N$402,4,FALSE)-IFERROR(VLOOKUP(LEFT(Dulieu!$C$54,12)&"37"&"_PRE_Y",Dulieu!$C$88:$N$402,4,FALSE),0) -> 13486.87 | G94: =+G92-VLOOKUP(Dulieu!$C$54&"_PRE_Y",Dulieu!$C$88:$N$402,5,FALSE)-IFERROR(VLOOKUP(LEFT(Dulieu!$C$54,12)&"37"&"_PRE_Y",Dulieu!$C$88:$N$402,5,FALSE),0) -> -7082.27 | H94: =+H92-VLOOKUP(Dulieu!$C$54&"_PRE_Y",Dulieu!$C$88:$N$402,6,FALSE)-IFERROR(VLOOKUP(LEFT(Dulieu!$C$54,12)&"37"&"_PRE_Y",Dulieu!$C$88:$N$402,6,FALSE),0) -> 12522.54 | I94: =+I92-VLOOKUP(Dulieu!$C$54&"_PRE_Y",Dulieu!$C$88:$N$402,7,FALSE)-IFERROR(VLOOKUP(LEFT(Dulieu!$C$54,12)&"37"&"_PRE_Y",Dulieu!$C$88:$N$402,7,FALSE),0) -> 19306.96 | J94: =+J92-VLOOKUP(Dulieu!$C$54&"_PRE_Y",Dulieu!$C$88:$N$402,8,FALSE)-IFERROR(VLOOKUP(LEFT(Dulieu!$C$54,12)&"37"&"_PRE_Y",Dulieu!$C$88:$N$402,8,FALSE),0) -> 13784.93 | K94: =+K92-VLOOKUP(Dulieu!$C$54&"_PRE_Y",Dulieu!$C$88:$N$402,9,FALSE)-IFERROR(VLOOKUP(LEFT(Dulieu!$C$54,12)&"37"&"_PRE_Y",Dulieu!$C$88:$N$402,9,FALSE),0) -> 17558.23 | L94: =+L92-VLOOKUP(Dulieu!$C$54&"_PRE_Y",Dulieu!$C$88:$N$402,10,FALSE)-IFERROR(VLOOKUP(LEFT(Dulieu!$C$54,12)&"37"&"_PRE_Y",Dulieu!$C$88:$N$402,10,FALSE),0) -> 17409.44 | M94: =+M92-VLOOKUP(Dulieu!$C$54&"_PRE_Y",Dulieu!$C$88:$N$402,11,FALSE)-IFERROR(VLOOKUP(LEFT(Dulieu!$C$54,12)&"37"&"_PRE_Y",Dulieu!$C$88:$N$402,11,FALSE),0) -> 15230.72 | N94: =+N92-VLOOKUP(Dulieu!$C$54&"_PRE_Y",Dulieu!$C$88:$N$402,12,FALSE)-IFERROR(VLOOKUP(LEFT(Dulieu!$C$54,12)&"37"&"_PRE_Y",Dulieu!$C$88:$N$402,12,FALSE),0) -> 15481.25 | O94: =+O92-VLOOKUP(Dulieu!$C$54&"_PRE_Y",Dulieu!$C$88:$Y$400,13,FALSE)-IFERROR(VLOOKUP(LEFT(Dulieu!$C$54,12)&"37"&"_PRE_Y",Dulieu!$C$88:$Y$400,13,FALSE),0) -> -1859.25 | P94: =+P92-VLOOKUP(Dulieu!$C$54&"_PRE_Y",Dulieu!$C$88:$Y$400,14,FALSE)-IFERROR(VLOOKUP(LEFT(Dulieu!$C$54,12)&"37"&"_PRE_Y",Dulieu!$C$88:$Y$400,14,FALSE),0) -> 34929.91 | Q94: =+Q92-VLOOKUP(Dulieu!$C$54&"_PRE_Y",Dulieu!$C$88:$Y$400,15,FALSE)-IFERROR(VLOOKUP(LEFT(Dulieu!$C$54,12)&"37"&"_PRE_Y",Dulieu!$C$88:$Y$400,15,FALSE),0) -> -3654.85 | R94: =+R92-VLOOKUP(Dulieu!$C$54&"_PRE_Y",Dulieu!$C$88:$Y$400,16,FALSE)-IFERROR(VLOOKUP(LEFT(Dulieu!$C$54,12)&"37"&"_PRE_Y",Dulieu!$C$88:$Y$400,16,FALSE),0) -> -2385.13 | S94: =+S92-VLOOKUP(Dulieu!$C$54&"_PRE_Y",Dulieu!$C$88:$Y$400,17,FALSE)-IFERROR(VLOOKUP(LEFT(Dulieu!$C$54,12)&"37"&"_PRE_Y",Dulieu!$C$88:$Y$400,17,FALSE),0) -> 33828.96 | T94: =+T92-VLOOKUP(Dulieu!$C$54&"_PRE_Y",Dulieu!$C$88:$Y$400,18,FALSE)-IFERROR(VLOOKUP(LEFT(Dulieu!$C$54,12)&"37"&"_PRE_Y",Dulieu!$C$88:$Y$400,18,FALSE),0) -> 27623.69 | U94: =+U92-VLOOKUP(Dulieu!$C$54&"_PRE_Y",Dulieu!$C$88:$Y$400,19,FALSE)-IFERROR(VLOOKUP(LEFT(Dulieu!$C$54,12)&"37"&"_PRE_Y",Dulieu!$C$88:$Y$400,19,FALSE),0) -> 2317.2 | V94: =+V92-VLOOKUP(Dulieu!$C$54&"_PRE_Y",Dulieu!$C$88:$Y$400,20,FALSE)-IFERROR(VLOOKUP(LEFT(Dulieu!$C$54,12)&"37"&"_PRE_Y",Dulieu!$C$88:$Y$400,20,FALSE),0) -> 19796.89 | W94: =+W92-VLOOKUP(Dulieu!$C$54&"_PRE_Y",Dulieu!$C$88:$Y$400,21,FALSE)-IFERROR(VLOOKUP(LEFT(Dulieu!$C$54,12)&"37"&"_PRE_Y",Dulieu!$C$88:$Y$400,21,FALSE),0) -> 32676.4 | X94: =+X92-VLOOKUP(Dulieu!$C$54&"_PRE_Y",Dulieu!$C$88:$Y$400,22,FALSE)-IFERROR(VLOOKUP(LEFT(Dulieu!$C$54,12)&"37"&"_PRE_Y",Dulieu!$C$88:$Y$400,22,FALSE),0) -> 23933.01 | Y94: =+Y92-VLOOKUP(Dulieu!$C$54&"_PRE_Y",Dulieu!$C$88:$Y$400,23,FALSE)-IFERROR(VLOOKUP(LEFT(Dulieu!$C$54,12)&"37"&"_PRE_Y",Dulieu!$C$88:$Y$400,23,FALSE),0) -> 23993.68
B95: Tr.đó: + Cho vay bằng vốn TW | C95: =SUM(D95:Y95) -> 2920189.8 | D95: =+Dulieu!D55 -> 14951.64 | E95: =+Dulieu!E55 -> 152662.33 | F95: =+Dulieu!F55 -> 158335.62 | G95: =+Dulieu!G55 -> 70077.86 | H95: =+Dulieu!H55 -> 211292.78 | I95: =+Dulieu!I55 -> 168702.52 | J95: =+Dulieu!J55 -> 133605.74 | K95: =+Dulieu!K55 -> 174947.6 | ... Y95: =+Dulieu!Y55 -> 173039.6
B96: + Cho vay bằng vốn ĐP | C96: =SUM(D96:Y96) -> 8581 | D96: =+Dulieu!D56 -> 0 | E96: =+Dulieu!E56 -> 0 | F96: =+Dulieu!F56 -> 0 | G96: =+Dulieu!G56 -> 0 | H96: =+Dulieu!H56 -> 75 | I96: =+Dulieu!I56 -> 0 | J96: =+Dulieu!J56 -> 1475 | K96: =+Dulieu!K56 -> 0 | ... Y96: =+Dulieu!Y56 -> 20
A97: 6 | B97: Cho vay Giải quyết việc làm | C97: =SUM(D97:Y97) -> 4398116 | D97: =+Dulieu!D57 -> 411660.05 | E97: =+Dulieu!E57 -> 298553.15 | F97: =+Dulieu!F57 -> 331531.34 | G97: =+Dulieu!G57 -> 347199.83 | H97: =+Dulieu!H57 -> 290268.55 | I97: =+Dulieu!I57 -> 223329.1 | J97: =+Dulieu!J57 -> 274353.63 | K97: =+Dulieu!K57 -> 254695.37 | ... Y97: =+Dulieu!Y57 -> 90460.22
B98: So với đầu tháng | C98: =SUM(D98:Y98) -> -108070.06 | D98: =+D97-VLOOKUP(Dulieu!$C$57&"_PRE_M",Dulieu!$C$88:$N$400,2,FALSE) -> -19774.48 | E98: =+E97-VLOOKUP(Dulieu!$C$57&"_PRE_M",Dulieu!$C$88:$N$400,3,FALSE) -> -4671.77 | F98: =+F97-VLOOKUP(Dulieu!$C$57&"_PRE_M",Dulieu!$C$88:$N$400,4,FALSE) -> -4716.87 | G98: =+G97-VLOOKUP(Dulieu!$C$57&"_PRE_M",Dulieu!$C$88:$N$400,5,FALSE) -> -16170.64 | H98: =+H97-VLOOKUP(Dulieu!$C$57&"_PRE_M",Dulieu!$C$88:$N$400,6,FALSE) -> -6482.78 | I98: =+I97-VLOOKUP(Dulieu!$C$57&"_PRE_M",Dulieu!$C$88:$N$400,7,FALSE) -> -3671.11 | J98: =+J97-VLOOKUP(Dulieu!$C$57&"_PRE_M",Dulieu!$C$88:$N$400,8,FALSE) -> -8544.62 | K98: =+K97-VLOOKUP(Dulieu!$C$57&"_PRE_M",Dulieu!$C$88:$N$400,9,FALSE) -> -5383.66 | L98: =+L97-VLOOKUP(Dulieu!$C$57&"_PRE_M",Dulieu!$C$88:$N$400,10,FALSE) -> -8756.16 | M98: =+M97-VLOOKUP(Dulieu!$C$57&"_PRE_M",Dulieu!$C$88:$N$400,11,FALSE) -> -6452.33 | N98: =+N97-VLOOKUP(Dulieu!$C$57&"_PRE_M",Dulieu!$C$88:$N$400,12,FALSE) -> -3591.56 | O98: =+O97-VLOOKUP(Dulieu!$C$57&"_PRE_M",Dulieu!$C$88:$Y$400,13,FALSE) -> -2212 | P98: =+P97-VLOOKUP(Dulieu!$C$57&"_PRE_M",Dulieu!$C$88:$Y$400,14,FALSE) -> -1052.9 | Q98: =+Q97-VLOOKUP(Dulieu!$C$57&"_PRE_M",Dulieu!$C$88:$Y$400,15,FALSE) -> -4106.85 | R98: =+R97-VLOOKUP(Dulieu!$C$57&"_PRE_M",Dulieu!$C$88:$Y$400,16,FALSE) -> -3000 | S98: =+S97-VLOOKUP(Dulieu!$C$57&"_PRE_M",Dulieu!$C$88:$Y$400,17,FALSE) -> -474 | T98: =+T97-VLOOKUP(Dulieu!$C$57&"_PRE_M",Dulieu!$C$88:$Y$400,18,FALSE) -> -2282.4 | U98: =+U97-VLOOKUP(Dulieu!$C$57&"_PRE_M",Dulieu!$C$88:$Y$400,19,FALSE) -> -4219 | V98: =+V97-VLOOKUP(Dulieu!$C$57&"_PRE_M",Dulieu!$C$88:$Y$400,20,FALSE) -> -609.5 | W98: =+W97-VLOOKUP(Dulieu!$C$57&"_PRE_M",Dulieu!$C$88:$Y$400,21,FALSE) -> -601.8 | X98: =+X97-VLOOKUP(Dulieu!$C$57&"_PRE_M",Dulieu!$C$88:$Y$400,22,FALSE) -> -818.2 | Y98: =+Y97-VLOOKUP(Dulieu!$C$57&"_PRE_M",Dulieu!$C$88:$Y$400,23,FALSE) -> -477.43
B99: So với đầu năm | C99: =SUM(D99:Y99) -> -282436.23 | D99: =+D97-VLOOKUP(Dulieu!$C$57&"_PRE_Y",Dulieu!$C$88:$N$400,2,FALSE) -> -41493.45 | E99: =+E97-VLOOKUP(Dulieu!$C$57&"_PRE_Y",Dulieu!$C$88:$N$400,3,FALSE) -> -22799 | F99: =+F97-VLOOKUP(Dulieu!$C$57&"_PRE_Y",Dulieu!$C$88:$N$400,4,FALSE) -> -9512.35 | G99: =+G97-VLOOKUP(Dulieu!$C$57&"_PRE_Y",Dulieu!$C$88:$N$400,5,FALSE) -> -33401.72 | H99: =+H97-VLOOKUP(Dulieu!$C$57&"_PRE_Y",Dulieu!$C$88:$N$400,6,FALSE) -> -8719.97 | I99: =+I97-VLOOKUP(Dulieu!$C$57&"_PRE_Y",Dulieu!$C$88:$N$400,7,FALSE) -> -13664.78 | J99: =+J97-VLOOKUP(Dulieu!$C$57&"_PRE_Y",Dulieu!$C$88:$N$400,8,FALSE) -> -24903.83 | K99: =+K97-VLOOKUP(Dulieu!$C$57&"_PRE_Y",Dulieu!$C$88:$N$400,9,FALSE) -> -10770.19 | L99: =+L97-VLOOKUP(Dulieu!$C$57&"_PRE_Y",Dulieu!$C$88:$N$400,10,FALSE) -> -23917.25 | M99: =+M97-VLOOKUP(Dulieu!$C$57&"_PRE_Y",Dulieu!$C$88:$N$400,11,FALSE) -> -20391.16 | N99: =+N97-VLOOKUP(Dulieu!$C$57&"_PRE_Y",Dulieu!$C$88:$N$400,12,FALSE) -> -16075.86 | O99: =+O97-VLOOKUP(Dulieu!$C$57&"_PRE_Y",Dulieu!$C$88:$Y$400,13,FALSE) -> -6163.14 | P99: =+P97-VLOOKUP(Dulieu!$C$57&"_PRE_Y",Dulieu!$C$88:$Y$400,14,FALSE) -> -2273.2 | Q99: =+Q97-VLOOKUP(Dulieu!$C$57&"_PRE_Y",Dulieu!$C$88:$Y$400,15,FALSE) -> -13956.07 | R99: =+R97-VLOOKUP(Dulieu!$C$57&"_PRE_Y",Dulieu!$C$88:$Y$400,16,FALSE) -> -8001.58 | S99: =+S97-VLOOKUP(Dulieu!$C$57&"_PRE_Y",Dulieu!$C$88:$Y$400,17,FALSE) -> -1210.49 | T99: =+T97-VLOOKUP(Dulieu!$C$57&"_PRE_Y",Dulieu!$C$88:$Y$400,18,FALSE) -> -5655.6 | U99: =+U97-VLOOKUP(Dulieu!$C$57&"_PRE_Y",Dulieu!$C$88:$Y$400,19,FALSE) -> -12187.47 | V99: =+V97-VLOOKUP(Dulieu!$C$57&"_PRE_Y",Dulieu!$C$88:$Y$400,20,FALSE) -> -1441 | W99: =+W97-VLOOKUP(Dulieu!$C$57&"_PRE_Y",Dulieu!$C$88:$Y$400,21,FALSE) -> -303.3 | X99: =+X97-VLOOKUP(Dulieu!$C$57&"_PRE_Y",Dulieu!$C$88:$Y$400,22,FALSE) -> -3305.72 | Y99: =+Y97-VLOOKUP(Dulieu!$C$57&"_PRE_Y",Dulieu!$C$88:$Y$400,23,FALSE) -> -2289.1
A100: a. | B100: Cho vay bằng nguồn vốn TW cấp | C100: =SUM(D100:Y100) -> 128861.7 | D100: =+Dulieu!D58 -> 7125.3203 | E100: =+Dulieu!E58 -> 5185.35 | F100: =+Dulieu!F58 -> 4863.9236 | G100: =+Dulieu!G58 -> 5645.7862 | H100: =+Dulieu!H58 -> 6281.39 | I100: =+Dulieu!I58 -> 2784.8 | J100: =+Dulieu!J58 -> 8300.891 | K100: =+Dulieu!K58 -> 2086 | ... Y100: =+Dulieu!Y58 -> 4698.2
B101: Tr. Đó: + Vốn UBND tỉnh quản lý | C101: =SUM(D101:Y101) -> 117009.11 | D101: =+Dulieu!D59 -> 6482.4573 | E101: =+Dulieu!E59 -> 4705.35 | F101: =+Dulieu!F59 -> 4446.087 | G101: =+Dulieu!G59 -> 5490.7862 | H101: =+Dulieu!H59 -> 6047.39 | I101: =+Dulieu!I59 -> 2533.8 | J101: =+Dulieu!J59 -> 6895.491 | K101: =+Dulieu!K59 -> 1951 | ... Y101: =+Dulieu!Y59 -> 4122.6
...

Sheet Sheet2

Sheet Sheet3
